date,symbol,side,qty,reference,fill,notional,fees,reason
2006-01-03,SPY,buy,1.59642221,125.19000244140625,125.27763544311523,199.99599963767236,0.01,Monthly rebalance
2006-01-03,EFA,buy,3.30340662,60.5,60.54234999999999,199.99599978035698,0.0,Monthly rebalance
2006-01-03,IEF,buy,2.38805227,83.69000244140625,83.74858544311523,199.9959995767203,0.0,Monthly rebalance
2006-01-03,GLD,buy,3.82207108,52.290000915527344,52.32660391616821,199.99599954260128,0.0,Monthly rebalance
2006-01-03,VNQ,buy,3.33426935,59.939998626708984,59.98195662574768,199.9959995302599,0.0,Monthly rebalance
2006-02-01,IEF,sell,2.38805227,83.0,82.9419,198.06959257311303,0.03,Monthly rebalance
2006-02-01,GLD,sell,0.15409970629808,56.790000915527344,56.75024791488647,8.745196536027233,0.0,Monthly rebalance
2006-02-01,VNQ,sell,0.08712838794362865,64.1500015258789,64.10509652481079,5.5853737191774755,0.0,Monthly rebalance
2006-02-01,SPY,buy,0.03324527,127.81999969482422,127.90947369461058,4.252384988535226,0.0,Monthly rebalance
2006-03-01,VNQ,sell,0.08578394644276655,66.19999694824219,66.15365695037842,5.674921764824413,0.03,Monthly rebalance
2006-03-01,EFA,buy,0.02539612,62.869998931884766,62.91400793113708,1.597771695100109,0.0,Monthly rebalance
2006-03-01,GLD,buy,0.0678698,56.02000045776367,56.0592144580841,3.804727673427276,0.0,Monthly rebalance
2006-04-03,EFA,sell,0.03190999893758306,65.18000030517578,65.13437430496215,2.0784378148714797,0.03,Monthly rebalance
2006-04-03,GLD,sell,0.07000231692746661,58.619998931884766,58.578964932632445,4.100663268497089,0.0,Monthly rebalance
2006-04-03,SPY,buy,0.02245412,130.07000732421875,130.16105632934568,2.9226519781458875,0.0,Monthly rebalance
2006-05-01,EFA,sell,0.07304609803929907,68.69999694824219,68.65190695037842,5.014753925682179,0.03,Monthly rebalance
2006-05-01,GLD,sell,0.293758261338831,65.68000030517578,65.63402430496215,19.280536864496256,0.0,Monthly rebalance
2006-05-01,SPY,buy,0.03250799,131.47000122070312,131.56203022155762,4.276817162822093,0.0,Monthly rebalance
2006-05-01,VNQ,buy,0.19488274,65.98999786376953,66.03619086227417,12.869313814402952,0.0,Monthly rebalance
2006-06-01,EFA,buy,0.07847176,64.75,64.79532499999999,5.084603192522,0.01,Monthly rebalance
2006-06-01,GLD,buy,0.06838781,62.150001525878906,62.19350652694702,4.253277707598612,0.0,Monthly rebalance
2006-07-03,VNQ,sell,0.10877037250122301,66.72000122070312,66.67329721984864,7.252079374487693,0.03,Monthly rebalance
2006-07-03,SPY,buy,0.01568556,127.43000030517578,127.5192013053894,2.000210083227764,0.0,Monthly rebalance
2006-07-03,GLD,buy,0.05648389,61.959999084472656,62.00337108383178,3.502191591928335,0.0,Monthly rebalance
2006-08-01,GLD,sell,0.023784272957764863,62.91999816894531,62.87595417022705,1.495458856464594,0.03,Monthly rebalance
2006-08-01,VNQ,sell,0.06234004816561667,68.61000061035156,68.56197360992431,4.2741567371724205,0.0,Monthly rebalance
2006-08-01,SPY,buy,0.01580144,127.33999633789062,127.42913433532713,2.0135638204516115,0.0,Monthly rebalance
2006-08-01,EFA,buy,0.03401938,65.5,65.54585,2.229829178573,0.0,Monthly rebalance
2006-08-01,IEF,buy,2.69765172,80.94999694824219,81.00666194610595,218.52776093037127,0.0,Monthly rebalance
2006-09-01,SPY,sell,0.012697524130846238,131.13999938964844,131.0482013900757,1.6639876994544835,0.03,Monthly rebalance
2006-09-01,EFA,sell,0.042525098511348336,67.81999969482422,67.77252569503784,2.8820333315443705,0.0,Monthly rebalance
2006-09-01,VNQ,sell,0.06477192908719731,71.58999633789062,71.5398833404541,4.633776250634261,0.0,Monthly rebalance
2006-09-01,IEF,buy,0.01975214,82.1500015258789,82.20750652694701,1.6237741779711714,0.0,Monthly rebalance
2006-09-01,GLD,buy,0.12140047,61.95000076293945,61.993365763473506,7.5260237405675925,0.0,Monthly rebalance
2006-10-02,SPY,sell,0.02389465128416557,133.5399932861328,133.4465152908325,3.188657947961511,0.03,Monthly rebalance
2006-10-02,GLD,sell,3.594568492477858,59.79999923706055,59.758139237594605,214.80472447256236,0.0,Monthly rebalance
2006-11-01,SPY,sell,0.010103787592084856,138.22000122070312,138.12324721984862,1.3955679514383756,0.03,Monthly rebalance
2006-11-01,EFA,sell,0.040184271392795345,70.91999816894531,70.87035417022705,2.847873545679929,0.0,Monthly rebalance
2006-11-01,VNQ,sell,0.10484079289935977,76.5199966430664,76.46643264541626,8.016801428730929,0.0,Monthly rebalance
2006-11-01,IEF,buy,0.06134515,83.04000091552734,83.0981289161682,5.097667183081676,0.0,Monthly rebalance
2006-12-01,VNQ,sell,0.08121952394951037,80.19999694824219,80.14385695037842,6.509245908987394,0.03,Monthly rebalance
2006-12-01,IEF,buy,0.03204375,83.72000122070312,83.77860522155761,2.684580681068287,0.0,Monthly rebalance
2006-12-01,GLD,buy,3.65055744,64.19999694824219,64.24493694610595,234.52983255093795,0.0,Monthly rebalance
2007-01-03,SPY,sell,0.00781485895759304,142.25,142.15042499999998,1.1108855221369076,0.03,Monthly rebalance
2007-01-03,EFA,sell,0.057800622030674376,73.95999908447266,73.90822708511352,4.271941498703898,0.0,Monthly rebalance
2007-01-03,IEF,buy,0.01654861,82.70999908447266,82.76789608383179,1.3696936328118594,0.0,Monthly rebalance
2007-01-03,GLD,buy,0.02362478,63.58000183105469,63.62450783233642,1.5031150001472249,0.0,Monthly rebalance
2007-01-03,VNQ,buy,0.04295878,77.33999633789062,77.39413433532714,3.3247575902017648,0.0,Monthly rebalance
2007-02-01,VNQ,sell,0.08444414209895568,83.83000183105469,83.77132082977295,7.073997319966552,0.03,Monthly rebalance
2007-02-01,SPY,buy,0.01973786,144.14999389648438,144.2508988922119,2.8472040472086335,0.0,Monthly rebalance
2007-02-01,EFA,buy,0.04654303,74.73999786376953,74.79231586227417,3.481061000947302,0.0,Monthly rebalance
2007-02-01,IEF,buy,0.12363993,82.01000213623047,82.06740913772582,10.14680872106978,0.0,Monthly rebalance
2007-02-01,GLD,buy,0.02956227,65.44999694824219,65.49581194610595,1.9362048766200095,0.0,Monthly rebalance
2007-03-01,IEF,sell,0.08616842150965676,83.56999969482422,83.51150069503784,7.196054192794014,0.03,Monthly rebalance
2007-03-01,GLD,sell,0.0888811464047965,66.2300033569336,66.18364235458374,5.882478005720448,0.0,Monthly rebalance
2007-03-01,SPY,buy,0.03257535,139.33999633789062,139.43753433532714,4.5422264841103,0.0,Monthly rebalance
2007-03-01,EFA,buy,0.03372892,72.9800033569336,73.03108935928344,2.463259770512123,0.0,Monthly rebalance
2007-03-01,VNQ,buy,0.07510968,80.4000015258789,80.45628152694701,6.043045559478901,0.0,Monthly rebalance
2007-04-02,SPY,sell,0.012787428184585448,142.16000366210938,142.0604916595459,1.8165883349633432,0.03,Monthly rebalance
2007-04-02,EFA,sell,0.10659964038106295,76.30000305175781,76.24659304962158,8.127859399370914,0.0,Monthly rebalance
2007-04-02,IEF,buy,0.03947024,82.94999694824219,83.00806194610595,3.276348126947669,0.0,Monthly rebalance
2007-04-02,GLD,buy,0.0497451,65.73999786376953,65.78601586227417,3.272531937670415,0.0,Monthly rebalance
2007-04-02,VNQ,buy,0.06371822,79.30000305175781,79.35551305389404,5.056392038980893,0.0,Monthly rebalance
2007-05-01,SPY,sell,0.03591244439012664,148.4199981689453,148.31610417022705,5.326393843173509,0.03,Monthly rebalance
2007-05-01,EFA,sell,0.054795357972302394,79.3499984741211,79.2944534751892,4.34496796339107,0.0,Monthly rebalance
2007-05-01,IEF,buy,0.06237232,83.04000091552734,83.0981289161682,5.183023088160497,0.0,Monthly rebalance
2007-05-01,GLD,buy,0.02193476,66.9800033569336,67.02688935928344,1.4702187316424362,0.0,Monthly rebalance
2007-05-01,VNQ,buy,0.06685268,79.5,79.55565,5.318508411642,0.0,Monthly rebalance
2007-06-01,SPY,sell,0.05177244913589685,153.8800048828125,153.77228887939452,7.961168004518889,0.03,Monthly rebalance
2007-06-01,EFA,sell,0.06311701546279558,81.36000061035156,81.30304860992432,5.131605776285014,0.0,Monthly rebalance
2007-06-01,IEF,buy,0.08136711,81.30999755859375,81.36691455688477,6.620590687110645,0.0,Monthly rebalance
2007-06-01,GLD,buy,0.08661658,65.69999694824219,65.74598694610596,5.6946925379963425,0.0,Monthly rebalance
2007-06-01,VNQ,buy,0.03256056,79.23999786376953,79.29546586227417,2.58190477393653,0.0,Monthly rebalance
2007-07-02,SPY,sell,0.009083897828388476,150.8699951171875,150.76438612060545,1.3695282796792896,0.03,Monthly rebalance
2007-07-02,EFA,sell,0.07982332445272222,81.44999694824219,81.39298195037841,6.49705840639962,0.0,Monthly rebalance
2007-07-02,IEF,sell,3.048022548490344,80.76000213623047,80.7034701347351,245.98599671208962,0.0,Monthly rebalance
2007-07-02,GLD,sell,0.021025331182983553,64.51000213623047,64.4648451347351,1.3553947186175515,0.0,Monthly rebalance
2007-07-02,VNQ,sell,3.1310528669117423,71.20999908447266,71.16015208511352,222.8061981959703,0.0,Monthly rebalance
2007-08-01,GLD,sell,0.09976494479779463,65.5,65.45415,6.530029661536569,0.03,Monthly rebalance
2007-08-01,SPY,buy,0.04345522,145.17999267578125,145.2816186706543,6.31324470128939,0.0,Monthly rebalance
2007-08-01,EFA,buy,0.06994186,78.6500015258789,78.70505652694702,5.5047780448998145,0.0,Monthly rebalance
2007-08-01,IEF,buy,2.91140572,82.16999816894531,82.22751716766356,239.3976638233339,0.0,Monthly rebalance
2007-09-04,SPY,sell,0.008297140359558641,147.4499969482422,147.3467819503784,1.2225569313715714,0.03,Monthly rebalance
2007-09-04,IEF,sell,0.027968778930040905,83.83999633789062,83.7813083404541,2.343260891443753,0.0,Monthly rebalance
2007-09-04,GLD,sell,0.030143701235146647,66.73999786376953,66.69327986526488,2.0103823026505663,0.0,Monthly rebalance
2007-09-04,EFA,buy,0.04890149,78.22000122070312,78.27475522155761,3.8277521597194473,0.0,Monthly rebalance
2007-10-01,EFA,sell,0.05210054534658548,82.73999786376953,82.6820798652649,4.307781451370236,0.03,Monthly rebalance
2007-10-01,GLD,sell,0.20126938831829433,73.48999786376953,73.43855486526489,14.780933016711362,0.0,Monthly rebalance
2007-10-01,SPY,buy,0.00796323,152.60000610351562,152.70682610778806,1.2160395788663212,0.0,Monthly rebalance
2007-10-01,IEF,buy,0.12273414,83.62999725341797,83.68853825149536,10.271440770154387,0.0,Monthly rebalance
2007-11-01,GLD,sell,0.14524818410130091,78.4000015258789,78.34512152481079,11.37948663467451,0.03,Monthly rebalance
2007-11-01,SPY,buy,0.02787337,153.2899932861328,153.39729628143309,4.275699596252009,0.0,Monthly rebalance
2007-11-01,IEF,buy,0.03883178,84.33999633789062,84.39903433532714,3.2773647335218703,0.0,Monthly rebalance
2007-12-03,IEF,sell,0.13901015429354535,88.05000305175781,87.98836804962158,12.231276618615153,0.03,Monthly rebalance
2007-12-03,SPY,buy,0.05129525,148.19000244140625,148.29373544311522,7.606764232988456,0.0,Monthly rebalance
2007-12-03,EFA,buy,0.04021574,83.11000061035156,83.1681776107788,3.344669807068901,0.0,Monthly rebalance
2007-12-03,GLD,buy,0.03056736,77.38999938964844,77.44417238922118,2.367263897323384,0.0,Monthly rebalance
2008-01-02,SPY,sell,1.7266526881367545,146.52999877929688,146.42742778015136,252.82931179354884,0.03,Monthly rebalance
2008-01-02,EFA,sell,3.0787229474728313,79.02999877929688,78.97467778015137,243.14115275102472,0.01,Monthly rebalance
2008-01-02,GLD,sell,0.2196011896189538,83.55999755859375,83.50150556030273,18.337029956016167,0.0,Monthly rebalance
2008-01-02,IEF,buy,0.05897466,86.98999786376953,87.05089086227416,5.133796691299725,0.0,Monthly rebalance
2008-02-01,IEF,sell,0.023241816653113645,90.04000091552734,89.97697291488647,2.091228307489964,0.03,Monthly rebalance
2008-02-01,GLD,sell,0.1997755353888806,91.75,91.68577499999999,18.316574788169444,0.0,Monthly rebalance
2008-03-03,GLD,sell,0.13354136648846326,97.5199966430664,97.45173264541626,13.013837544137273,0.03,Monthly rebalance
2008-03-03,IEF,buy,0.03210778,90.29000091552734,90.35320391616821,2.9010407936354676,0.0,Monthly rebalance
2008-04-01,IEF,sell,0.08866696638717597,91.54000091552734,91.47592291488647,8.11089258233014,0.03,Monthly rebalance
2008-04-01,GLD,buy,0.25265353,87.86000061035156,87.9215026107788,22.213677997517483,0.0,Monthly rebalance
2008-05-01,IEF,buy,0.0370382,89.30000305175781,89.36251305389403,3.309826630992738,0.01,Monthly rebalance
2008-05-01,GLD,buy,0.08182319,84.51000213623047,84.56915913772582,6.919718376266376,0.0,Monthly rebalance
2008-05-01,VNQ,buy,3.92705626,66.44999694824219,66.49651194610595,261.1355435061202,0.0,Monthly rebalance
2008-06-02,GLD,sell,0.09205137657702078,87.47000122070312,87.40877221984863,8.046097807744319,0.03,Monthly rebalance
2008-06-02,IEF,buy,0.07255119,87.5,87.56124999999999,6.352672885387499,0.0,Monthly rebalance
2008-07-01,IEF,sell,0.05769593223284053,88.01000213623047,87.94839513473511,5.074264645680759,0.03,Monthly rebalance
2008-07-01,GLD,sell,0.2021954193773241,92.52999877929688,92.46522778015137,18.696045508827506,0.0,Monthly rebalance
2008-07-01,VNQ,sell,3.92705626,56.88999938964844,56.85017639007568,223.2538410747509,0.0,Monthly rebalance
2008-08-01,GLD,buy,0.07536473,89.5,89.56264999999999,6.7498649353345,0.01,Monthly rebalance
2008-09-02,IEF,sell,0.1120381435176423,88.88999938964844,88.82777639007568,9.952099159544337,0.03,Monthly rebalance
2008-09-02,GLD,sell,2.868952156509041,78.16000366210938,78.1052916595459,224.08034494142183,0.0,Monthly rebalance
2008-09-02,VNQ,buy,4.05026089,62.0,62.0434,251.29195650262596,0.0,Monthly rebalance
2008-10-01,IEF,sell,0.011850345120054229,89.13999938964844,89.07760139007569,1.055600318939019,0.03,Monthly rebalance
2008-10-01,VNQ,buy,0.09463317,60.5,60.54234999999999,5.729314499749499,0.0,Monthly rebalance
2008-11-03,IEF,sell,0.14161484688402481,87.69999694824219,87.63860695037842,12.410927904407073,0.03,Monthly rebalance
2008-11-03,VNQ,sell,4.1448940599999995,41.400001525878906,41.37102152481079,171.4785013743204,0.0,Monthly rebalance
2008-12-01,IEF,sell,0.1638431120477195,95.05000305175781,94.98346804962158,15.562386998335134,0.03,Monthly rebalance
2009-01-02,IEF,sell,0.07396354768359892,98.77999877929688,98.71085278015137,7.301004866493439,0.03,Monthly rebalance
2009-01-02,GLD,buy,2.79769351,85.93000030517578,85.9901513053894,240.574088231006,0.0,Monthly rebalance
2009-02-02,GLD,sell,0.11892713896856844,89.87999725341797,89.81708125534057,10.681688504205091,0.03,Monthly rebalance
2009-02-02,IEF,buy,0.1059918,94.80000305175781,94.86636305389403,10.055056579535725,0.0,Monthly rebalance
2009-03-02,GLD,sell,0.08402510911213046,93.4000015258789,93.33462152481079,7.842451757561626,0.03,Monthly rebalance
2009-03-02,IEF,buy,0.03926055,93.97000122070312,94.03578022155762,3.691896451177474,0.0,Monthly rebalance
2009-04-01,IEF,sell,0.06522327445988507,96.56999969482422,96.50240069503784,6.294202566570257,0.03,Monthly rebalance
2009-04-01,GLD,buy,0.06297318,91.33999633789062,91.40393433532714,5.755996409606737,0.0,Monthly rebalance
2009-05-01,IEF,buy,0.0488502,93.16000366210938,93.22521566467285,4.554070430262402,0.01,Monthly rebalance
2009-05-01,GLD,buy,0.09426869,86.75,86.81072499999999,8.18353332370025,0.0,Monthly rebalance
2009-06-01,IEF,sell,2.5626291017903586,90.26000213623047,90.1968201347351,231.14099616622275,0.03,Monthly rebalance
2009-06-01,GLD,sell,0.23582588778083302,96.47000122070312,96.40247221984863,22.734198595512897,0.0,Monthly rebalance
2009-06-01,EFA,buy,5.01930705,48.36000061035156,48.39385261077881,242.90360558594298,0.0,Monthly rebalance
2009-07-01,SPY,buy,2.59514984,92.33999633789062,92.40463433532715,239.80387201058275,0.01,Monthly rebalance
2009-07-01,EFA,buy,0.13526636,46.4900016784668,46.52254467964172,6.292935276752502,0.0,Monthly rebalance
2009-07-01,GLD,buy,0.07983596,92.30999755859375,92.37461455688477,7.374816032778869,0.0,Monthly rebalance
2009-08-03,SPY,sell,0.09817491679919099,99.8499984741211,99.78010347518921,9.795903356891369,0.03,Monthly rebalance
2009-08-03,EFA,sell,0.28688625011092395,51.220001220703125,51.18414721984863,14.684028061027847,0.0,Monthly rebalance
2009-08-03,GLD,buy,0.05243407,94.13999938964844,94.20589738922118,4.93959861811924,0.0,Monthly rebalance
2009-08-03,VNQ,buy,7.10524198,35.09000015258789,35.1145631526947,249.49746822188752,0.0,Monthly rebalance
2009-09-01,VNQ,sell,0.5271231471948497,38.970001220703125,38.94272221984863,20.527610296861415,0.03,Monthly rebalance
2009-09-01,SPY,buy,0.01748615,101.94999694824219,102.02136194610596,1.7839608381939005,0.0,Monthly rebalance
2009-09-01,EFA,buy,0.04887022,52.13999938964844,52.17649738922119,2.549876906240665,0.0,Monthly rebalance
2009-09-01,GLD,buy,0.09591796,93.41000366210938,93.47539066467284,8.965968782758463,0.0,Monthly rebalance
2009-10-01,EFA,sell,0.022213153444793576,54.34000015258789,54.301962152481074,1.2062178176464353,0.03,Monthly rebalance
2009-10-01,GLD,sell,0.053545195026731385,98.83999633789062,98.7708083404541,5.288702195537521,0.0,Monthly rebalance
2009-10-01,VNQ,sell,0.14778367596194641,41.36000061035156,41.331048609924316,6.108054294936511,0.0,Monthly rebalance
2009-10-01,SPY,buy,0.06661636,103.0,103.07209999999999,6.866288119556,0.0,Monthly rebalance
2009-10-01,IEF,buy,2.83233116,92.44999694824219,92.51471194610595,262.0323014033801,0.0,Monthly rebalance
2009-11-02,SPY,sell,0.02576171127862459,104.12999725341797,104.05710625534057,2.680689127839244,0.03,Monthly rebalance
2009-11-02,GLD,sell,0.11993028930137184,103.5,103.42755,12.4040959932321,0.0,Monthly rebalance
2009-11-02,EFA,buy,0.04861076,53.77000045776367,53.807639458084104,2.6156302478634568,0.0,Monthly rebalance
2009-11-02,IEF,buy,0.07413575,91.27999877929688,91.34389477844238,6.77184814732091,0.0,Monthly rebalance
2009-11-02,VNQ,buy,0.24385273,39.70000076293945,39.72779076347351,9.6877302345418,0.0,Monthly rebalance
2009-12-01,GLD,sell,0.1487533624106363,117.30000305175781,117.21789304962158,17.436555725821567,0.03,Monthly rebalance
2009-12-01,EFA,buy,0.07704734,56.470001220703125,56.50953022155761,4.353908988220625,0.0,Monthly rebalance
2009-12-01,IEF,buy,0.14084349,92.61000061035156,92.6748276107788,13.052646155850448,0.0,Monthly rebalance
2010-01-04,SPY,sell,0.02841044702534301,112.37000274658203,112.29134374465941,3.1902472728622286,0.03,Monthly rebalance
2010-01-04,IEF,sell,3.0473103999999998,88.73999786376953,88.67787986526488,270.22902556337226,0.0,Monthly rebalance
2010-01-04,VNQ,sell,0.3949232911909988,45.220001220703125,45.18834721984863,17.845930807544242,0.0,Monthly rebalance
2010-01-04,GLD,buy,0.16346322,109.81999969482422,109.89687369461059,17.964096842054342,0.0,Monthly rebalance
2010-02-01,GLD,sell,0.020068312670231236,106.63999938964844,106.56535139007568,2.1385867915090997,0.03,Monthly rebalance
2010-02-01,EFA,buy,0.12259389,53.20000076293945,53.23724076347351,6.526560438060788,0.0,Monthly rebalance
2010-02-01,IEF,buy,3.03108925,90.26000213623047,90.32318413772582,273.77763246563126,0.0,Monthly rebalance
2010-02-01,VNQ,buy,0.14445275,42.59000015258789,42.6198131526947,6.156549214392919,0.0,Monthly rebalance
2010-03-01,SPY,sell,0.014649898395155958,111.19999694824219,111.12215695037841,1.6279283087736172,0.03,Monthly rebalance
2010-03-01,GLD,sell,0.013786946590812477,109.4800033569336,109.40336735458374,1.5083383825726833,0.0,Monthly rebalance
2010-03-01,VNQ,sell,0.20182913392961233,44.900001525878906,44.86857152481079,9.055784931511427,0.0,Monthly rebalance
2010-03-01,EFA,buy,0.14540506,52.7400016784668,52.77691967964172,7.6740311726334856,0.0,Monthly rebalance
2010-03-01,IEF,buy,0.05062108,90.55999755859375,90.62338955688476,4.587453852630228,0.0,Monthly rebalance
2010-04-01,SPY,sell,0.03153497175735831,117.80000305175781,117.71754304962158,3.7122193954154277,0.03,Monthly rebalance
2010-04-01,EFA,sell,0.1203819096534735,56.54999923706055,56.5104142375946,6.8028315812304765,0.0,Monthly rebalance
2010-04-01,IEF,sell,3.08171033,89.11000061035156,89.04762360992432,274.41898154065564,0.0,Monthly rebalance
2010-04-01,VNQ,sell,0.278652862285365,49.16999816894531,49.13557917022705,13.691769775832928,0.0,Monthly rebalance
2010-04-01,GLD,buy,0.10562645,109.97000122070312,110.0469802215576,11.623871854023342,0.0,Monthly rebalance
2010-05-03,GLD,sell,0.0839827448660837,115.91000366210938,115.8288666595459,9.727626156796271,0.03,Monthly rebalance
2010-05-03,VNQ,sell,0.28972682085480095,52.7599983215332,52.72306632270813,15.275286391395047,0.0,Monthly rebalance
2010-05-03,SPY,buy,0.01783462,119.37999725341797,119.46356325149536,2.130587254436384,0.0,Monthly rebalance
2010-05-03,EFA,buy,0.30415805,54.5099983215332,54.54815532035827,16.591260553337296,0.0,Monthly rebalance
2010-05-03,IEF,buy,3.30546732,90.16999816894531,90.23311716766356,298.2626199794429,0.0,Monthly rebalance
2010-06-01,EFA,sell,5.471777416790809,47.88999938964844,47.856476390075684,261.8599867583987,0.03,Monthly rebalance
2010-06-01,IEF,sell,0.2437642776229425,93.16000366210938,93.09479165954589,22.693184639347535,0.0,Monthly rebalance
2010-06-01,GLD,sell,0.19408649525600108,119.87999725341797,119.79608125534057,23.250801556252178,0.0,Monthly rebalance
2010-06-01,SPY,buy,0.13391632,108.3499984741211,108.42584347305296,14.519989950807274,0.0,Monthly rebalance
2010-06-01,VNQ,buy,0.18654605,48.84000015258789,48.8741881526947,9.117286746841993,0.0,Monthly rebalance
2010-07-01,SPY,sell,2.6324713447443266,103.1500015258789,103.0777965248108,271.3493456309507,0.03,Monthly rebalance
2010-07-01,IEF,sell,0.10057292932528306,95.43000030517578,95.36319930496215,9.59095630393084,0.0,Monthly rebalance
2010-07-01,GLD,sell,0.04216602552612514,120.91000366210938,120.82536665954589,5.0947254947698415,0.0,Monthly rebalance
2010-07-01,VNQ,buy,0.23433589,46.52000045776367,46.552564458084106,10.908936624067506,0.0,Monthly rebalance
2010-08-02,VNQ,sell,0.5307946833245927,51.779998779296875,51.74375278015137,27.465308870966457,0.03,Monthly rebalance
2010-08-02,SPY,buy,2.5580409,111.98999786376953,112.06839086227416,286.67552742288353,0.0,Monthly rebalance
2010-08-02,EFA,buy,5.3960255,53.09000015258789,53.1271631526947,286.675527114601,0.0,Monthly rebalance
2010-08-02,IEF,buy,0.0354311,95.79000091552734,95.85705391616821,3.3963208630091475,0.0,Monthly rebalance
2010-08-02,GLD,buy,0.13460463,116.12000274658203,116.20128674850463,15.641231208306369,0.0,Monthly rebalance
2010-09-01,SPY,sell,2.5580409,106.7300033569336,106.65529235458374,272.82860004448247,0.03,Monthly rebalance
2010-09-01,EFA,sell,5.3960255,51.15999984741211,51.12418784751892,275.86742129200223,0.01,Monthly rebalance
2010-09-01,IEF,sell,0.09681525008759051,98.63999938964844,98.57095139007568,9.543171310201904,0.0,Monthly rebalance
2010-09-01,GLD,sell,0.13008335165242046,122.1500015258789,122.06449652481079,15.878558825712618,0.0,Monthly rebalance
2010-09-01,VNQ,buy,0.07697689,50.88999938964844,50.92562238922119,3.920096032836617,0.0,Monthly rebalance
2010-10-01,GLD,sell,0.06734421327305196,127.91000366210938,127.8204666595459,8.607968767381486,0.03,Monthly rebalance
2010-10-01,VNQ,sell,0.06789510563895274,52.38999938964844,52.35332639007568,3.5545346258047603,0.0,Monthly rebalance
2010-10-01,SPY,buy,2.51392874,114.98999786376953,115.07049086227416,289.2790141045784,0.0,Monthly rebalance
2010-10-01,EFA,buy,5.21046616,55.47999954223633,55.51883554191589,289.27901383375803,0.0,Monthly rebalance
2010-10-01,IEF,buy,0.05296717,98.51000213623047,98.57895913772582,5.221448487070977,0.0,Monthly rebalance
2010-11-01,GLD,sell,0.017438288136947033,132.85000610351562,132.75701109924316,2.3150550117484774,0.03,Monthly rebalance
2010-11-01,VNQ,sell,0.08245131035870656,54.810001373291016,54.77163437232971,4.515993024486557,0.0,Monthly rebalance
2010-11-01,EFA,buy,0.03952792,57.099998474121094,57.139968473052974,2.2586241026053604,0.0,Monthly rebalance
2010-11-01,IEF,buy,0.07900954,98.83999633789062,98.90918433532714,7.814769156109404,0.0,Monthly rebalance
2010-12-01,SPY,sell,0.03622941880218855,120.19999694824219,120.11585695037842,4.35172768623903,0.03,Monthly rebalance
2010-12-01,GLD,sell,0.06232600559733514,135.7100067138672,135.61500970916748,8.452341854216233,0.0,Monthly rebalance
2010-12-01,EFA,buy,0.12567158,55.33000183105469,55.36873283233642,6.9582761376375935,0.0,Monthly rebalance
2010-12-01,IEF,buy,0.05436875,96.41000366210938,96.47749066467284,5.245360570574932,0.0,Monthly rebalance
2010-12-01,VNQ,buy,0.02331062,54.20000076293945,54.2379407634735,1.2643200267198407,0.0,Monthly rebalance
2011-01-03,SPY,sell,0.05250256986785429,126.70999908447266,126.62130208511353,6.647943759482357,0.03,Monthly rebalance
2011-01-03,EFA,sell,0.1325898207137799,58.61000061035156,58.56897360992431,7.765649710329971,0.0,Monthly rebalance
2011-01-03,IEF,sell,3.086091422964184,93.19000244140625,93.12476943969726,287.39155223336684,0.0,Monthly rebalance
2011-01-03,GLD,buy,0.02150026,138.6699981689453,138.76706716766355,2.98352802354223,0.0,Monthly rebalance
2011-02-01,SPY,sell,0.04175988539962994,129.4600067138672,129.36938470916746,5.4024506796754705,0.03,Monthly rebalance
2011-02-01,EFA,sell,0.1174986174438013,60.20000076293945,60.15786076240539,7.068465467959336,0.0,Monthly rebalance
2011-02-01,VNQ,sell,0.12821325430910058,57.5099983215332,57.46974132270813,7.368382559286604,0.0,Monthly rebalance
2011-02-01,GLD,buy,0.14805159,130.52000427246094,130.61136827545164,19.337220745256175,0.0,Monthly rebalance
2011-03-01,GLD,sell,0.06630791976014638,138.57000732421875,138.4730083190918,9.181857124568422,0.03,Monthly rebalance
2011-03-01,VNQ,sell,0.04354014575887355,59.83000183105469,59.78812082977295,2.603183495577458,0.0,Monthly rebalance
2011-03-01,EFA,buy,0.02990082,61.7599983215332,61.803230320358274,1.8479672652275752,0.0,Monthly rebalance
2011-04-01,SPY,sell,0.01239564719084063,133.41000366210938,133.3166166595459,1.6525457447882774,0.03,Monthly rebalance
2011-04-01,GLD,sell,0.01633962245999543,138.64999389648438,138.55293890075683,2.2639027123611806,0.0,Monthly rebalance
2011-04-01,EFA,buy,0.09989037,60.189998626708984,60.23213162574768,6.016609913984637,0.0,Monthly rebalance
2011-04-01,VNQ,buy,0.05964939,58.779998779296875,58.82114477844238,3.508645405135773,0.0,Monthly rebalance
2011-05-02,EFA,sell,0.08399491975117712,64.12999725341797,64.08510625534058,5.382823357162991,0.03,Monthly rebalance
2011-05-02,GLD,sell,0.09181057844420959,151.4600067138672,151.35398470916746,13.895896885984719,0.0,Monthly rebalance
2011-05-02,VNQ,sell,0.04359024658188648,62.130001068115234,62.08651006736755,2.706366283245329,0.0,Monthly rebalance
2011-05-02,SPY,buy,0.04845356,137.07000732421875,137.1659563293457,6.646178894961332,0.0,Monthly rebalance
2011-06-01,VNQ,sell,0.100423284879402,62.540000915527344,62.496222914886474,6.276075997668255,0.03,Monthly rebalance
2011-06-01,SPY,buy,0.01560885,134.50999450683594,134.6041515029907,2.1010160101874567,0.0,Monthly rebalance
2011-06-01,EFA,buy,0.13547212,61.720001220703125,61.76320522155761,8.36719234935948,0.0,Monthly rebalance
2011-06-01,IEF,buy,3.38333999,96.69999694824219,96.76768694610595,327.3979849845613,0.0,Monthly rebalance
2011-07-01,IEF,sell,0.02516155613738702,95.76000213623047,95.6929701347351,2.407784039998437,0.03,Monthly rebalance
2011-07-01,VNQ,buy,0.01737502,60.27000045776367,60.3121894580841,1.0479254980780004,0.0,Monthly rebalance
2011-08-01,GLD,sell,0.09870212488558838,157.47000122070312,157.35977221984862,15.53174388961124,0.03,Monthly rebalance
2011-08-01,SPY,buy,0.07665339,130.83999633789062,130.93158433532713,10.036349797373722,0.0,Monthly rebalance
2011-08-01,EFA,buy,0.22511413,59.369998931884766,59.41155793113708,13.374381175612523,0.0,Monthly rebalance
2011-08-01,VNQ,buy,0.07118623,61.77000045776367,61.813239458084105,4.400251481108251,0.0,Monthly rebalance
2011-09-01,SPY,sell,2.5117570187394866,122.29000091552734,122.20439791488647,306.9477541835492,0.03,Monthly rebalance
2011-09-01,EFA,sell,5.531959742091241,53.310001373291016,53.272684372329714,294.70234530086117,0.01,Monthly rebalance
2011-09-01,IEF,sell,0.20063008340290045,103.05000305175781,102.97786804962158,20.660458255448454,0.0,Monthly rebalance
2011-09-01,GLD,sell,0.2571430672418267,177.44000244140625,177.31579443969727,45.59552725264499,0.0,Monthly rebalance
2011-09-01,VNQ,sell,5.325980587730912,57.5,57.45975,306.0295130758713,0.009999999999999998,Monthly rebalance
2011-10-03,IEF,sell,0.1059907280939325,105.08000183105469,105.00644582977294,11.129709648053717,0.03,Monthly rebalance
2011-10-03,GLD,buy,0.15677308,161.08999633789062,161.20275933532713,25.27225308549799,0.0,Monthly rebalance
2011-11-01,GLD,sell,0.03099481760614653,164.02999877929688,163.91517778015137,5.080521038174874,0.03,Monthly rebalance
2011-11-01,IEF,buy,0.0322552,104.2300033569336,104.30296435928344,3.3643129760015587,0.0,Monthly rebalance
2011-11-01,VNQ,buy,5.70409636,56.349998474121094,56.38944347305297,321.6508192570672,0.0,Monthly rebalance
2011-12-01,GLD,sell,0.058903308136204036,169.85000610351562,169.73111109924315,9.997723937379,0.03,Monthly rebalance
2011-12-01,VNQ,sell,5.70409636,55.90999984741211,55.87086284751892,318.6927853985919,0.0,Monthly rebalance
2011-12-01,IEF,buy,0.03527625,103.5,103.57244999999999,3.6536476393124997,0.0,Monthly rebalance
2012-01-03,IEF,sell,0.08736142432053207,104.9000015258789,104.82657152481079,9.1577985950456,0.03,Monthly rebalance
2012-01-03,GLD,sell,1.9006517952966036,154.75999450683594,154.65166251068115,293.93895999653057,0.0,Monthly rebalance
2012-01-03,VNQ,buy,5.38574494,59.04999923706055,59.091334236526485,318.2508543622213,0.0,Monthly rebalance
2012-02-01,VNQ,sell,0.20737990879697055,62.209999084472656,62.16645208511353,12.892073163642083,0.03,Monthly rebalance
2012-02-01,SPY,buy,2.4351508,132.2899932861328,132.3825962814331,322.3715852408089,0.0,Monthly rebalance
2012-02-01,GLD,buy,1.89776779,169.75,169.868825,322.3715846101467,0.0,Monthly rebalance
2012-03-01,SPY,sell,0.09691317360720131,137.30999755859375,137.21388056030273,13.297832628058403,0.03,Monthly rebalance
2012-03-01,EFA,buy,5.81850976,54.959999084472656,54.99847108383178,320.00914078635304,0.0,Monthly rebalance
2012-03-01,IEF,buy,0.04107327,104.4800033569336,104.55313935928343,4.294339322251476,0.0,Monthly rebalance
2012-03-01,GLD,buy,0.03504452,166.10000610351562,166.21627610778808,5.824969612384902,0.0,Monthly rebalance
2012-03-01,VNQ,buy,0.08033773,61.04999923706055,61.09273423652648,4.90805158805582,0.0,Monthly rebalance
2012-04-02,SPY,sell,0.03624743961122556,140.63999938964844,140.54155139007568,5.094271396879722,0.03,Monthly rebalance
2012-04-02,GLD,sell,1.93281231,161.9600067138672,161.8466347091675,312.8191678979522,0.0,Monthly rebalance
2012-04-02,VNQ,sell,0.17864782962603698,63.72999954223633,63.68538854255676,11.377256442018647,0.0,Monthly rebalance
2012-04-02,EFA,buy,0.10667146,54.63999938964844,54.678247389221184,5.832608479249411,0.0,Monthly rebalance
2012-04-02,IEF,buy,0.05433037,103.52999877929688,103.60246977844237,5.628760515976592,0.0,Monthly rebalance
2012-05-01,IEF,sell,0.04747672509225209,105.66000366210938,105.5860416595459,5.012879473449337,0.03,Monthly rebalance
2012-05-01,VNQ,sell,0.11596191478926166,65.55000305175781,65.50411804962158,7.595982955615955,0.0,Monthly rebalance
2012-05-01,SPY,buy,0.02576092,139.7899932861328,139.8878462814331,3.6036396170282954,0.0,Monthly rebalance
2012-05-01,EFA,buy,0.14224943,53.630001068115234,53.66754206886291,7.63417726879677,0.0,Monthly rebalance
2012-06-01,EFA,sell,6.06743065,46.93000030517578,46.897149304962156,284.5452010905536,0.03,Monthly rebalance
2012-06-01,IEF,sell,0.23074512116477575,109.05999755859375,108.98365556030274,25.14744680724224,0.0,Monthly rebalance
2012-06-01,SPY,buy,0.07316109,129.41000366210938,129.50059066467284,9.474404368671289,0.0,Monthly rebalance
2012-06-01,VNQ,buy,0.07977166,61.599998474121094,61.64311847305297,4.917373888172101,0.0,Monthly rebalance
2012-07-02,SPY,sell,0.0652971110215117,136.47999572753906,136.38445973052978,8.905511208633294,0.03,Monthly rebalance
2012-07-02,VNQ,sell,0.20970142044025408,65.94000244140625,65.89384443969726,13.818032777273654,0.0,Monthly rebalance
2012-07-02,IEF,buy,0.1026159,108.0,108.0756,11.090274962039999,0.0,Monthly rebalance
2012-08-01,SPY,sell,0.01749418502754585,138.6999969482422,138.6029069503784,2.4247448995456407,0.03,Monthly rebalance
2012-08-01,VNQ,sell,0.04388690503088721,67.12000274658203,67.07301874465942,2.943627203781786,0.0,Monthly rebalance
2012-09-04,SPY,sell,0.03376963578311276,141.0399932861328,140.94126529083252,4.759535195682487,0.03,Monthly rebalance
2012-09-04,EFA,buy,6.25095369,51.470001220703125,51.506030221557616,321.9618096706971,0.0,Monthly rebalance
2012-09-04,IEF,buy,0.01516523,108.5999984741211,108.67601847305298,1.6480968156280973,0.0,Monthly rebalance
2012-09-04,GLD,buy,1.96049353,164.11000061035156,164.2248776107788,321.9618100209737,0.0,Monthly rebalance
2012-09-04,VNQ,buy,0.03713515,66.73999786376953,66.78671586227416,2.4801347115529304,0.0,Monthly rebalance
2012-10-01,SPY,sell,0.008041554535412221,144.52000427246094,144.41884026947022,1.1613519799679313,0.03,Monthly rebalance
2012-10-01,EFA,sell,0.10997383283082662,53.56999969482422,53.53250069503784,5.887174282452201,0.0,Monthly rebalance
2012-10-01,GLD,sell,0.05704918822389837,172.8300018310547,172.70902082977295,9.852909437282902,0.0,Monthly rebalance
2012-10-01,IEF,buy,0.05183652,108.41000366210938,108.48589066467284,5.623531041157126,0.0,Monthly rebalance
2012-10-01,VNQ,buy,0.17265803,65.0999984741211,65.14556847305298,11.247905515787433,0.0,Monthly rebalance
2012-11-01,EFA,sell,0.10922999149361878,53.849998474121094,53.81230347518921,5.87791745084695,0.03,Monthly rebalance
2012-11-01,SPY,buy,0.01593343,141.64999389648438,141.7491488922119,2.2585501414336355,0.0,Monthly rebalance
2012-11-01,GLD,buy,0.03931416,167.02000427246094,167.13691827545165,6.5708475469880305,0.0,Monthly rebalance
2012-11-01,VNQ,buy,0.03402893,64.5,64.54514999999999,2.1964023911895,0.0,Monthly rebalance
2012-12-03,EFA,sell,0.11707702355970717,55.34000015258789,55.30126215248108,6.47450717190757,0.03,Monthly rebalance
2012-12-03,GLD,buy,0.02603386,166.11000061035156,166.2262776107788,4.327511639640149,0.0,Monthly rebalance
2012-12-03,VNQ,buy,0.03959207,64.4800033569336,64.52513935928344,2.554683834272505,0.0,Monthly rebalance
2013-01-02,EFA,sell,0.12655874155051094,57.66999816894531,57.62962917022705,7.293533343806551,0.03,Monthly rebalance
2013-01-02,VNQ,sell,0.08638247724152759,66.93000030517578,66.88314930496216,5.777532122677585,0.0,Monthly rebalance
2013-01-02,IEF,buy,0.05684402,107.0,107.07489999999999,6.086567757097999,0.0,Monthly rebalance
2013-01-02,GLD,buy,0.04100135,163.49000549316406,163.60444849700926,6.7080032543828505,0.0,Monthly rebalance
2013-02-01,SPY,sell,0.03958854536620082,150.64999389648438,150.54453890075683,5.959839307906396,0.03,Monthly rebalance
2013-02-01,EFA,sell,0.07109257924720858,59.36000061035156,59.31844860992432,4.217101508622514,0.0,Monthly rebalance
2013-02-01,IEF,sell,3.0753711117882205,106.41000366210938,106.33551665954589,327.0211760918425,0.0,Monthly rebalance
2013-02-01,GLD,sell,2.0097937117761018,162.66000366210938,162.5461416595459,326.68421338082277,0.01,Monthly rebalance
2013-02-01,VNQ,sell,0.04177632263337561,68.62000274658203,68.57196874465942,2.86468468988264,0.0,Monthly rebalance
2013-03-01,SPY,sell,0.015826456966754776,151.08999633789062,150.9842333404541,2.3895454716211586,0.03,Monthly rebalance
2013-03-01,VNQ,sell,0.0411297980401768,68.91000366210938,68.86176665954589,2.832270555396903,0.0,Monthly rebalance
2013-03-01,EFA,buy,0.13007812,57.79999923706055,57.840459236526485,7.523778197424,0.0,Monthly rebalance
2013-04-01,SPY,sell,0.040861943207398,156.58999633789062,156.4803833404541,6.394092537129503,0.03,Monthly rebalance
2013-04-01,VNQ,sell,0.0379099918253889,70.66000366210938,70.6105416595459,2.6768450570996674,0.0,Monthly rebalance
2013-04-01,EFA,buy,0.02393228,58.56999969482422,58.61099869461059,1.4026948318390553,0.0,Monthly rebalance
2013-04-01,IEF,buy,3.20711,107.22000122070312,107.2950552215576,344.10704455160965,0.0,Monthly rebalance
2013-05-01,EFA,sell,0.14809071422274123,62.0,61.956599999999995,9.175197144812689,0.03,Monthly rebalance
2013-05-01,VNQ,sell,0.1600009253600687,75.38999938964844,75.33722639007568,12.0540259364731,0.0,Monthly rebalance
2013-05-01,SPY,buy,0.03099891,159.3300018310547,159.4415328323364,4.942513726531642,0.0,Monthly rebalance
2013-05-01,IEF,buy,0.05053194,108.91999816894531,108.99624216766357,5.507791569441845,0.0,Monthly rebalance
2013-06-03,SPY,sell,0.10411906633438361,163.8300018310547,163.71532082977293,17.045886349430024,0.03,Monthly rebalance
2013-06-03,IEF,sell,3.25764194,104.9800033569336,104.90651735458374,341.7478707136299,0.0,Monthly rebalance
2013-06-03,EFA,buy,0.0657715,60.08000183105469,60.122057832336424,3.954317926719515,0.0,Monthly rebalance
2013-06-03,VNQ,buy,0.20851548,70.76000213623047,70.80953413772582,14.764883999304285,0.0,Monthly rebalance
2013-07-01,SPY,buy,0.01558556,161.25999450683594,161.37287650299072,2.515086649109952,0.01,Monthly rebalance
2013-07-01,EFA,buy,0.17640508,57.810001373291016,57.850468374252316,10.205116501597448,0.0,Monthly rebalance
2013-07-01,VNQ,buy,0.06396343,69.26000213623047,69.30848413772583,4.433208373549537,0.0,Monthly rebalance
2013-08-01,SPY,sell,0.06260246452045237,169.99000549316406,169.87101248931884,10.634344032415905,0.03,Monthly rebalance
2013-08-01,EFA,sell,0.19171772064606518,61.119998931884766,61.077214932632444,11.709584430294107,0.0,Monthly rebalance
2013-08-01,VNQ,buy,0.09027591,69.61000061035156,69.6587276107788,6.288505024505182,0.0,Monthly rebalance
2013-09-03,EFA,sell,0.06769276383706124,60.5099983215332,60.467641322708126,4.093221763842207,0.03,Monthly rebalance
2013-09-03,VNQ,sell,5.069245836216052,64.75,64.704675,328.00390432746286,0.0,Monthly rebalance
2013-09-03,SPY,buy,0.01369666,165.22999572753906,165.34565672454832,2.264683242632852,0.0,Monthly rebalance
2013-10-01,EFA,sell,0.21643145734795244,63.869998931884766,63.825289932632444,13.813800515775236,0.03,Monthly rebalance
2013-11-01,SPY,sell,0.0686893404443838,176.02000427246094,175.89679026947022,12.082234509894015,0.03,Monthly rebalance
2013-11-01,EFA,sell,0.061110915945040034,65.52999877929688,65.48412778015137,4.001795028507091,0.0,Monthly rebalance
2013-11-01,VNQ,buy,5.12473162,69.41000366210938,69.45859066467284,355.95663585988575,0.0,Monthly rebalance
2013-12-02,SPY,sell,0.06523129278666429,181.08999633789062,180.96323334045408,11.804465657652608,0.03,Monthly rebalance
2013-12-02,EFA,sell,0.06321234721596536,66.01000213623047,65.96379513473511,4.169726321739682,0.0,Monthly rebalance
2013-12-02,VNQ,sell,5.12473162,65.43000030517578,65.38419930496215,335.0764736265216,0.0,Monthly rebalance
2014-01-02,SPY,sell,0.01840610702461598,183.97999572753906,183.85120973052977,3.38398504290525,0.03,Monthly rebalance
2014-01-02,EFA,buy,0.01800888,66.20999908447266,66.25634608383179,1.1932025858621966,0.0,Monthly rebalance
2014-02-03,SPY,buy,0.036146,177.97000122070312,178.0945802215576,6.437406696688421,0.01,Monthly rebalance
2014-02-03,EFA,buy,0.14420594,63.540000915527344,63.58447891616821,9.169259551516218,0.0,Monthly rebalance
2014-02-03,IEF,buy,3.44445101,101.95999908447266,102.03137108383179,351.4420591813892,0.0,Monthly rebalance
2014-02-03,VNQ,buy,5.22457922,67.22000122070312,67.26705522155761,351.4420589011424,0.0,Monthly rebalance
2014-03-03,SPY,sell,0.020284316448660356,184.64999389648438,184.52073890075684,3.7428770592035847,0.03,Monthly rebalance
2014-03-03,EFA,sell,0.0943161193923494,66.37999725341797,66.33353125534057,6.256321253594843,0.0,Monthly rebalance
2014-03-03,VNQ,sell,0.09393974742437372,70.29000091552734,70.24079791488647,6.598402815010911,0.0,Monthly rebalance
2014-03-03,IEF,buy,0.07032616,102.5999984741211,102.67181847305297,7.220514733426878,0.0,Monthly rebalance
2014-03-03,GLD,buy,2.76776039,130.0,130.09099999999998,360.0607168954899,0.0,Monthly rebalance
2014-04-01,SPY,sell,0.03350796288593183,187.6199951171875,187.48866112060546,6.282363098362298,0.03,Monthly rebalance
2014-04-01,EFA,sell,0.10524047953408555,67.5999984741211,67.55267847518921,7.109276276540812,0.0,Monthly rebalance
2014-04-01,GLD,sell,2.76776039,123.70999908447266,123.62340208511353,342.1599555682206,0.0,Monthly rebalance
2014-04-01,VNQ,sell,0.041668167661027766,70.7699966430664,70.72045764541626,2.9467918862338176,0.0,Monthly rebalance
2014-04-01,IEF,buy,0.03696323,101.4000015258789,101.47098152694701,3.7506952285062938,0.0,Monthly rebalance
2014-05-01,VNQ,sell,0.10423978582877513,73.05999755859375,73.00885556030273,7.610427467209935,0.03,Monthly rebalance
2014-05-01,SPY,buy,0.01533443,188.22000122070312,188.3517552215576,2.8882668058221093,0.0,Monthly rebalance
2014-05-01,IEF,buy,0.01240592,102.18000030517578,102.25152630538939,1.2685242552225564,0.0,Monthly rebalance
2014-06-02,SPY,sell,0.015838127788975642,192.9499969482422,192.81493195037842,3.053827531852736,0.03,Monthly rebalance
2014-06-02,VNQ,sell,0.04238605017449437,74.91999816894531,74.86755417022705,3.173339907500919,0.0,Monthly rebalance
2014-06-02,IEF,buy,0.01240654,103.52999877929688,103.60246977844237,1.2853481854050364,0.0,Monthly rebalance
2014-07-01,SPY,sell,0.01689964979142955,196.1999969482422,196.06265695037843,3.313390239638586,0.03,Monthly rebalance
2014-07-01,EFA,buy,0.09896079,68.72000122070312,68.76810522155762,6.805346019528468,0.0,Monthly rebalance
2014-07-01,IEF,buy,0.04014804,103.13999938964844,103.21219738922119,4.143767429270349,0.0,Monthly rebalance
2014-07-01,GLD,buy,2.79751491,127.98999786376953,128.07959086227416,358.30456510391167,0.0,Monthly rebalance
2014-07-01,VNQ,buy,0.0393227,74.88999938964844,74.94242238922119,2.946938392884628,0.0,Monthly rebalance
2014-08-01,IEF,sell,0.058463361393682245,103.2699966430664,103.19770764541626,6.033284877073536,0.03,Monthly rebalance
2014-08-01,VNQ,sell,0.0750159902240517,74.88999938964844,74.83757639007568,5.614014898869639,0.0,Monthly rebalance
2014-08-01,SPY,buy,0.00597228,192.55999755859375,192.69478955688476,1.1508272377747917,0.0,Monthly rebalance
2014-08-01,EFA,buy,0.11110706,66.31999969482422,66.36642369461059,7.37377821942252,0.0,Monthly rebalance
2014-08-01,GLD,buy,0.14896647,124.54000091552734,124.6271789161682,18.565270909200002,0.0,Monthly rebalance
2014-09-02,SPY,sell,0.05322961812656368,200.97000122070312,200.82932221984862,10.690068130379153,0.03,Monthly rebalance
2014-09-02,VNQ,sell,0.0685256300843271,77.05000305175781,76.99606804962158,5.276204077116046,0.0,Monthly rebalance
2014-09-02,EFA,buy,0.03235355,66.91000366210938,66.95684066467285,2.1662914922865264,0.0,Monthly rebalance
2014-09-02,IEF,buy,0.01524202,104.30000305175781,104.37301305389404,1.5908555524277141,0.0,Monthly rebalance
2014-09-02,GLD,buy,0.10559141,121.97000122070312,122.05538022155761,12.88799969568038,0.0,Monthly rebalance
2014-10-01,SPY,sell,0.02510860217654831,196.6999969482422,196.5623069503784,4.935404768121629,0.03,Monthly rebalance
2014-10-01,EFA,sell,5.5700322031768685,63.75,63.705375,354.8409902654586,0.0,Monthly rebalance
2014-10-01,IEF,sell,0.10739308988002039,103.83999633789062,103.7673083404541,11.143891871214176,0.0,Monthly rebalance
2014-10-01,GLD,sell,3.05207279,116.61000061035156,116.52837360992432,355.6530783578041,0.01,Monthly rebalance
2014-10-01,VNQ,buy,0.18866694,71.5999984741211,71.65011847305297,13.518008602948377,0.0,Monthly rebalance
2014-11-03,VNQ,sell,0.34618512881728325,79.02999877929688,78.97467778015137,27.33985900062514,0.03,Monthly rebalance
2014-11-03,IEF,buy,0.06694584,104.69999694824219,104.77328694610596,7.0141357041680985,0.0,Monthly rebalance
2014-12-01,SPY,sell,0.016905177870916832,206.39999389648438,206.25551390075682,3.4867861493496535,0.03,Monthly rebalance
2014-12-01,IEF,sell,0.013343846320175157,106.30999755859375,106.23558056030274,1.417591260731267,0.0,Monthly rebalance
2014-12-01,VNQ,sell,0.032433554252679464,80.5,80.44364999999999,2.609073486558558,0.0,Monthly rebalance
2015-01-02,VNQ,sell,0.03775616724257613,81.69999694824219,81.64280695037841,3.0825194733718444,0.03,Monthly rebalance
2015-01-02,SPY,buy,0.01225581,206.3800048828125,206.52447088623046,2.531124675532172,0.0,Monthly rebalance
2015-01-02,IEF,buy,0.03079887,106.08999633789062,106.16425933532715,3.269739221915027,0.0,Monthly rebalance
2015-02-02,IEF,sell,0.07911656489707397,109.94999694824219,109.87303195037842,8.692776862740397,0.03,Monthly rebalance
2015-02-02,VNQ,sell,0.19949513571020638,86.52999877929688,86.46942778015136,17.250230229785185,0.0,Monthly rebalance
2015-02-02,SPY,buy,0.0827749,200.0500030517578,200.19003805389403,16.570710380907272,0.0,Monthly rebalance
2015-02-02,GLD,buy,3.13261011,121.83999633789062,121.92528433532713,381.9443783734704,0.0,Monthly rebalance
2015-03-02,SPY,sell,0.11413415520079484,210.77999877929688,210.63245278015137,24.040357055933885,0.03,Monthly rebalance
2015-03-02,GLD,sell,3.13261011,116.5,116.41844999999999,364.6936134605295,0.0,Monthly rebalance
2015-03-02,EFA,buy,5.8096474,65.08000183105469,65.12555783233643,378.356527734183,0.0,Monthly rebalance
2015-03-02,IEF,buy,0.04969342,107.37999725341797,107.45516325149535,5.339814558625124,0.0,Monthly rebalance
2015-03-02,VNQ,buy,0.11278857,83.58000183105469,83.63850783233642,9.433467695343024,0.0,Monthly rebalance
2015-04-01,IEF,sell,0.03536546194745904,108.55000305175781,108.47401804962158,3.8362337576218772,0.03,Monthly rebalance
2015-04-01,VNQ,sell,0.039030373164859355,84.37000274658203,84.31094374465943,3.290687596235522,0.0,Monthly rebalance
2015-04-01,SPY,buy,0.03951458,206.38999938964844,206.53447238922118,8.161122931981671,0.0,Monthly rebalance
2015-04-01,EFA,buy,0.04207833,64.66000366210938,64.70526566467285,2.7226895213757736,0.0,Monthly rebalance
2015-05-01,SPY,sell,0.034266397394129955,209.39999389648438,209.25341390075684,7.170360636801691,0.03,Monthly rebalance
2015-05-01,EFA,sell,0.21733429372035928,66.86000061035156,66.81319860992431,14.52079933108599,0.0,Monthly rebalance
2015-05-01,IEF,buy,0.03336156,107.05000305175781,107.12493805389404,3.573855048381269,0.0,Monthly rebalance
2015-05-01,VNQ,buy,0.25566571,79.47000122070312,79.5256302215576,20.33197671379198,0.0,Monthly rebalance
2015-06-01,SPY,sell,0.018485151900855756,211.94000244140625,211.79164443969725,3.915000718799836,0.03,Monthly rebalance
2015-06-01,VNQ,sell,4.740347409415345,79.38999938964844,79.33442639007568,376.0727426156476,0.0,Monthly rebalance
2015-06-01,IEF,buy,0.01665782,106.7300033569336,106.80471435928344,1.7791337069483588,0.0,Monthly rebalance
2015-07-01,IEF,sell,3.535718105561589,104.4000015258789,104.32692152481079,368.87058533277656,0.03,Monthly rebalance
2015-07-01,SPY,buy,0.01505302,207.72999572753906,207.87540672454833,3.1291526549327604,0.0,Monthly rebalance
2015-07-01,EFA,buy,0.17283374,64.2300033569336,64.27496435928344,11.108882478581663,0.0,Monthly rebalance
2015-08-03,SPY,sell,0.015495419317685055,210.4600067138672,210.31268470916748,3.25888323739664,0.03,Monthly rebalance
2015-08-03,EFA,sell,0.030217950146877115,64.8499984741211,64.80460347518921,1.958262277101407,0.0,Monthly rebalance
2015-08-03,IEF,buy,3.52435464,106.30000305175781,106.37441305389403,374.901156223768,0.0,Monthly rebalance
2015-09-01,SPY,sell,1.7800954948606458,193.1199951171875,192.98481112060546,343.5313928523224,0.03,Monthly rebalance
2015-09-01,EFA,sell,5.777007226132763,58.25,58.209224999999996,336.2751134525879,0.01,Monthly rebalance
2015-09-01,IEF,sell,3.52435464,106.48999786376953,106.41545486526489,375.04580212210686,0.009999999999999998,Monthly rebalance
2015-10-01,IEF,buy,3.34452783,107.9000015258789,107.97553152694701,361.1271701509167,0.01,Monthly rebalance
2015-11-02,SPY,buy,1.72850202,208.32000732421875,208.4658313293457,360.3336105537533,0.01,Monthly rebalance
2015-11-02,IEF,buy,0.03239765,106.62999725341797,106.70463825149535,3.4569795234485583,0.0,Monthly rebalance
2015-11-02,VNQ,buy,4.4970845,80.06999969482422,80.12604869461059,360.3336116307785,0.0,Monthly rebalance
2015-12-01,SPY,sell,0.011061232181063918,209.44000244140625,209.29339443969727,2.3150428298604835,0.03,Monthly rebalance
2015-12-01,VNQ,buy,0.02745389,79.5,79.55565,2.1841120639785,0.0,Monthly rebalance
2016-01-04,IEF,sell,3.37692548,106.08999633789062,106.0157333404541,358.007231198265,0.03,Monthly rebalance
2016-01-04,SPY,buy,0.06643963,200.49000549316406,200.63034849700927,13.329806120912352,0.0,Monthly rebalance
2016-02-01,SPY,sell,1.7838804178189362,192.52999877929688,192.39522778015137,343.2100793188258,0.03,Monthly rebalance
2016-02-01,IEF,buy,3.23908394,108.80999755859375,108.88616455688475,352.6914269044026,0.0,Monthly rebalance
2016-02-01,VNQ,buy,0.08137812,76.5199966430664,76.57356064071655,6.231412406647508,0.0,Monthly rebalance
2016-03-01,IEF,sell,0.03841125427352621,110.54000091552734,110.46262291488647,4.243007896504347,0.03,Monthly rebalance
2016-03-01,GLD,buy,2.97963927,118.73999786376953,118.82311586227416,354.05002220699197,0.0,Monthly rebalance
2016-04-01,VNQ,sell,0.3108687238242229,83.62999725341797,83.57145625534058,25.9797519542296,0.03,Monthly rebalance
2016-04-01,SPY,buy,1.7577432,204.35000610351562,204.49305110778806,359.44627003196695,0.0,Monthly rebalance
2016-04-01,IEF,buy,0.05940022,110.18000030517578,110.25712630538939,6.5492975591079166,0.0,Monthly rebalance
2016-04-01,GLD,buy,0.11473382,116.08000183105469,116.16125783233642,13.327624847108877,0.0,Monthly rebalance
2016-05-02,GLD,sell,0.16193083117118112,123.77999877929688,123.69335278015136,20.029767426040035,0.03,Monthly rebalance
2016-05-02,IEF,buy,0.04995524,109.66000366210938,109.73676566467284,5.481926465602491,0.0,Monthly rebalance
2016-05-02,VNQ,buy,0.14341766,81.77999877929688,81.83724477844238,11.736906146971425,0.0,Monthly rebalance
2016-06-01,SPY,sell,0.032353867269942826,209.1199951171875,208.97361112060545,6.761104477116717,0.03,Monthly rebalance
2016-06-01,IEF,sell,0.025427200367709624,109.8499984741211,109.7731034751892,2.7912226970489575,0.0,Monthly rebalance
2016-06-01,VNQ,sell,0.111127706656168,83.37999725341797,83.32163125534058,9.259341796256887,0.0,Monthly rebalance
2016-06-01,EFA,buy,6.19687986,58.099998474121094,58.140668473052976,360.290737507599,0.0,Monthly rebalance
2016-06-01,GLD,buy,0.17843881,115.97000122070312,116.0511802215576,20.708034497830276,0.0,Monthly rebalance
2016-07-01,EFA,sell,6.19687986,55.84000015258789,55.800912152481075,345.79154868733923,0.03,Monthly rebalance
2016-07-01,GLD,sell,0.17303398943252768,127.66000366210938,127.5706416595459,22.07405706081864,0.0,Monthly rebalance
2016-07-01,VNQ,sell,0.1119217142450637,88.97000122070312,88.90772221984864,9.9507046804694,0.0,Monthly rebalance
2016-07-01,SPY,buy,0.06497526,209.47999572753906,209.62663172454833,13.620544899226777,0.0,Monthly rebalance
2016-07-01,IEF,buy,0.02559816,113.30000305175781,113.37931305389404,2.902301796243668,0.0,Monthly rebalance
2016-08-01,SPY,sell,0.03739619678109163,217.19000244140625,217.03796943969726,8.11639461413547,0.03,Monthly rebalance
2016-08-01,VNQ,sell,0.09186785409051446,92.33000183105469,92.26537082977295,8.47622162499679,0.0,Monthly rebalance
2016-08-01,EFA,buy,6.56657121,57.86000061035156,57.9005026107788,380.2077734884699,0.0,Monthly rebalance
2016-08-01,IEF,buy,0.07208984,112.55999755859375,112.63878955688476,8.120112316949493,0.0,Monthly rebalance
2016-08-01,GLD,buy,0.02334902,128.57000732421875,128.6600063293457,3.0040850609840195,0.0,Monthly rebalance
2016-09-01,SPY,sell,0.023199412059020874,217.3699951171875,217.21783612060545,5.039326086730794,0.03,Monthly rebalance
2016-09-01,EFA,sell,0.15238010742212804,58.619998931884766,58.578964932632445,8.926268969111604,0.0,Monthly rebalance
2016-09-01,GLD,buy,0.05090862,124.66999816894531,124.75726716766357,6.351220306477061,0.0,Monthly rebalance
2016-09-01,VNQ,buy,0.09095897,89.06999969482422,89.13234869461058,8.107386630942623,0.0,Monthly rebalance
2016-10-03,EFA,sell,0.05595656536031424,58.970001220703125,58.92872221984863,3.2974488964947617,0.03,Monthly rebalance
2016-10-03,IEF,sell,0.02557355892081814,111.69999694824219,111.62180695037841,2.8545668568936904,0.0,Monthly rebalance
2016-10-03,GLD,sell,0.020203192630475098,125.31999969482422,125.23227569503784,2.530091789419614,0.0,Monthly rebalance
2016-10-03,SPY,buy,0.00490719,215.82000732421875,215.97108132934568,1.0598111305885518,0.0,Monthly rebalance
2016-10-03,VNQ,buy,0.09430152,86.01000213623047,86.07020913772583,8.116551548405434,0.0,Monthly rebalance
2016-11-01,SPY,sell,0.016478592890698085,212.92999267578125,212.7809416809082,3.5063305128590576,0.03,Monthly rebalance
2016-11-01,EFA,sell,0.046022595935342636,57.959999084472656,57.919427085113526,2.66560238954472,0.0,Monthly rebalance
2016-11-01,IEF,sell,3.356715386437946,109.58999633789062,109.5132833404541,367.6049232082406,0.0,Monthly rebalance
2016-11-01,GLD,sell,0.012619855384150558,122.80000305175781,122.71404304962158,1.5486334768906502,0.0,Monthly rebalance
2016-11-01,VNQ,sell,4.308808661184031,81.4000015258789,81.3430215248108,350.49151567298384,0.01,Monthly rebalance
2016-12-01,SPY,sell,0.08766188826841592,220.72999572753906,220.57548473052978,19.336063497199383,0.03,Monthly rebalance
2016-12-01,EFA,sell,6.312211941282215,56.72999954223633,56.69028854255676,357.84111629306113,0.0,Monthly rebalance
2016-12-01,GLD,sell,2.979281671381665,111.11000061035156,111.03222360992432,330.7962687337981,0.01,Monthly rebalance
2017-01-03,SPY,sell,0.023533031316912645,225.0399932861328,224.8824652908325,5.2921660983136825,0.03,Monthly rebalance
2017-01-03,EFA,buy,6.24054984,57.95000076293945,57.990565763473505,361.89301589675404,0.0,Monthly rebalance
2017-02-01,EFA,sell,0.15819299492207417,60.0,59.958,9.484935589537724,0.03,Monthly rebalance
2017-03-01,SPY,sell,0.05770593616263264,238.38999938964844,238.22312639007566,13.746888523928474,0.03,Monthly rebalance
2017-03-01,VNQ,buy,4.34513935,85.0,85.0595,369.595380541325,0.0,Monthly rebalance
2017-04-03,EFA,sell,0.15263621103636726,62.189998626708984,62.14646562767029,9.485801042709426,0.03,Monthly rebalance
2017-04-03,VNQ,sell,4.34513935,82.36000061035156,82.30234860992431,357.61517354239993,0.0,Monthly rebalance
2017-04-03,SPY,buy,0.01461045,235.8000030517578,235.96506305389403,3.4475557554957663,0.0,Monthly rebalance
2017-05-01,SPY,sell,0.006395329379611292,238.67999267578125,238.5129166809082,1.5253686634661925,0.03,Monthly rebalance
2017-05-01,EFA,sell,0.12026749739334086,63.9900016784668,63.945208677291866,7.690530217912837,0.0,Monthly rebalance
2017-05-01,GLD,buy,3.09247915,120.20999908447266,120.29414608383178,372.0071386313039,0.0,Monthly rebalance
2017-06-01,SPY,sell,0.006149012053616065,241.97000122070312,241.80062221984863,1.4868349406017138,0.03,Monthly rebalance
2017-06-01,EFA,sell,0.14841738617925415,66.30999755859375,66.26358056030273,9.834667425638568,0.0,Monthly rebalance
2017-06-01,IEF,buy,3.51022309,106.94000244140625,107.01486044311523,375.6460341005507,0.0,Monthly rebalance
2017-06-01,GLD,buy,0.03128944,120.16999816894531,120.25411716766357,3.7626839838705792,0.0,Monthly rebalance
2017-07-03,SPY,sell,0.014279322725902155,242.8800048828125,242.70998887939453,3.4657342600089978,0.03,Monthly rebalance
2017-07-03,GLD,sell,3.12376859,116.54000091552734,116.45842291488647,363.7891635424586,0.0,Monthly rebalance
2017-07-03,EFA,buy,0.07187019,65.12000274658203,65.16558674850464,4.68346310107651,0.0,Monthly rebalance
2017-07-03,VNQ,buy,4.46777,83.55999755859375,83.61848955688475,373.588179087563,0.0,Monthly rebalance
2017-08-01,SPY,sell,0.008322110919247727,247.4600067138672,247.28678470916748,2.0579480512138244,0.03,Monthly rebalance
2017-08-01,EFA,sell,0.12336720002522306,67.44000244140625,67.39279443969727,8.314060351900872,0.0,Monthly rebalance
2017-08-01,IEF,buy,0.0412136,106.5199966430664,106.59456064071655,4.393145584422236,0.0,Monthly rebalance
2017-08-01,GLD,buy,3.13512963,120.44000244140625,120.52431044311523,377.8593368055289,0.0,Monthly rebalance
2017-09-01,IEF,sell,0.010485874999954348,107.95999908447266,107.88442708511351,1.1312626168561895,0.03,Monthly rebalance
2017-09-01,GLD,sell,0.1013938926394018,126.01000213623047,125.9217951347351,12.767700976852078,0.0,Monthly rebalance
2017-09-01,SPY,buy,0.01268794,247.9199981689453,248.09354216766354,3.147795977410785,0.0,Monthly rebalance
2017-09-01,EFA,buy,0.08021713,67.1500015258789,67.19700652694702,5.390351008182957,0.0,Monthly rebalance
2017-09-01,VNQ,buy,0.07689276,84.05999755859375,84.11883955688477,6.468129741526047,0.0,Monthly rebalance
2017-10-02,SPY,sell,0.025981985024888354,251.49000549316406,251.31396248931884,6.529635609942836,0.03,Monthly rebalance
2017-10-02,EFA,sell,0.1071440026929924,68.2699966430664,68.22220764541626,7.309600399682367,0.0,Monthly rebalance
2017-10-02,IEF,buy,0.02798166,106.41999816894531,106.49449216766357,2.9798926717082246,0.0,Monthly rebalance
2017-10-02,GLD,buy,0.07736614,121.16999816894531,121.25481716766356,9.381017160667863,0.0,Monthly rebalance
2017-10-02,VNQ,buy,0.02429996,83.22000122070312,83.27825522155761,2.023658270753641,0.0,Monthly rebalance
2017-11-01,SPY,sell,0.028134263132756354,258.0400085449219,257.8593805389404,7.254683663332102,0.03,Monthly rebalance
2017-11-01,EFA,sell,0.09438875752779907,69.93000030517578,69.88104930496216,6.595985418634245,0.0,Monthly rebalance
2017-11-01,IEF,buy,0.05287812,105.91999816894531,105.99414216766357,5.604770968838775,0.0,Monthly rebalance
2017-11-01,GLD,buy,0.05945561,120.9800033569336,121.06468935928343,7.197974955316706,0.0,Monthly rebalance
2017-11-01,VNQ,buy,0.08939294,82.33999633789062,82.39763433532714,7.365766782279839,0.0,Monthly rebalance
2017-12-01,SPY,sell,0.023640266147530564,264.760009765625,264.57467775878905,6.254615798114909,0.03,Monthly rebalance
2017-12-01,IEF,sell,3.6218105950000457,105.69999694824219,105.62600695037841,382.557391080429,0.0,Monthly rebalance
2017-12-01,VNQ,sell,0.07169053195182773,84.48999786376953,84.43085486526489,6.052892898438403,0.0,Monthly rebalance
2017-12-01,EFA,buy,0.06692762,69.76000213623047,69.80883413772582,4.672139123812741,0.0,Monthly rebalance
2017-12-01,GLD,buy,0.03373653,120.94000244140625,121.02466044311522,4.0829520877789705,0.0,Monthly rebalance
2018-01-02,GLD,sell,0.05447650900874379,124.66000366210938,124.5727416595459,6.786288083260165,0.03,Monthly rebalance
2018-01-02,VNQ,buy,0.14185435,83.04000091552734,83.0981289161682,11.787831063619244,0.0,Monthly rebalance
2018-02-01,SPY,sell,0.0479716661078633,281.07000732421875,280.8732583190918,13.473958166711109,0.03,Monthly rebalance
2018-02-01,EFA,sell,0.15747370697557095,73.72000122070312,73.66839721984863,11.600835597158408,0.0,Monthly rebalance
2018-02-01,GLD,sell,0.021049181665790062,127.18000030517578,127.09097430496216,2.6751610062274054,0.0,Monthly rebalance
2018-02-01,VNQ,sell,4.728519478048171,79.08999633789062,79.03463334045409,373.71680319073255,0.0,Monthly rebalance
2018-03-01,SPY,buy,0.01710579,271.4100036621094,271.5999906646728,4.6459324043118535,0.01,Monthly rebalance
2018-03-01,EFA,buy,0.18171443,69.69999694824219,69.74878694610595,12.674361063103085,0.0,Monthly rebalance
2018-04-02,GLD,sell,0.06603389802733695,126.6500015258789,126.56134652481079,8.35733905062181,0.03,Monthly rebalance
2018-04-02,SPY,buy,0.04458816,262.54998779296875,262.7337727844238,11.714815498315534,0.0,Monthly rebalance
2018-05-01,SPY,sell,0.007043710399331715,263.8699951171875,263.68528612060544,1.8573227919984674,0.03,Monthly rebalance
2018-05-01,EFA,sell,0.08849315348164133,70.66000366210938,70.6105416595459,6.248549500500024,0.0,Monthly rebalance
2018-05-01,GLD,buy,0.06871746,123.9000015258789,123.98673152694701,8.52005326423372,0.0,Monthly rebalance
2018-06-01,SPY,sell,0.04292528531644768,272.4100036621094,272.2193166595459,11.685091836259426,0.03,Monthly rebalance
2018-06-01,EFA,sell,5.490898299765738,69.91999816894531,69.87105417022705,383.6548525461395,0.0,Monthly rebalance
2018-06-01,GLD,sell,3.1314518886587273,122.58000183105469,122.49419582977295,383.5846808808745,0.01,Monthly rebalance
2018-06-01,VNQ,buy,4.94783839,78.58999633789062,78.64500933532715,389.12279637124004,0.0,Monthly rebalance
2018-07-02,VNQ,sell,0.14127985127885712,81.5199966430664,81.46293264541626,11.509071008883964,0.03,Monthly rebalance
2018-07-02,SPY,buy,0.0264169,269.510009765625,269.6986667724609,7.1246027102614224,0.0,Monthly rebalance
2018-08-01,SPY,sell,0.050388034264650106,281.55999755859375,281.36290556030275,14.177323726174047,0.03,Monthly rebalance
2018-08-01,EFA,buy,5.74614557,68.7699966430664,68.81813564071655,395.43902524756254,0.0,Monthly rebalance
2018-08-01,VNQ,buy,0.05100039,81.3499984741211,81.40694347305298,4.151785865833657,0.0,Monthly rebalance
2018-09-04,SPY,sell,0.03288281943804616,289.8399963378906,289.6371083404541,9.524084736116967,0.03,Monthly rebalance
2018-09-04,EFA,sell,5.74614557,66.5,66.45345,381.8511973287165,0.0,Monthly rebalance
2018-09-04,VNQ,sell,0.12046825566127506,83.86000061035156,83.80129860992432,10.095396265687217,0.0,Monthly rebalance
2018-09-04,IEF,buy,3.8847293,102.26000213623047,102.33158413772583,397.53050321523875,0.0,Monthly rebalance
2018-10-01,SPY,sell,0.01780651178235515,292.1099853515625,291.9055083618164,5.197818873979053,0.03,Monthly rebalance
2018-10-01,IEF,sell,3.8847293,100.83000183105469,100.75942082977295,391.4230743484493,0.0,Monthly rebalance
2018-10-01,VNQ,buy,0.16566619,80.5999984741211,80.65641847305297,13.362041547476302,0.0,Monthly rebalance
2018-11-01,SPY,sell,1.3527856485590386,271.6000061035156,271.4098860992432,367.15939879209947,0.03,Monthly rebalance
2018-11-01,VNQ,buy,0.03948386,78.37999725341797,78.43486325149536,3.096911159741188,0.0,Monthly rebalance
2018-12-03,VNQ,sell,0.19724108270608287,82.4800033569336,82.42226735458374,16.257057252108325,0.03,Monthly rebalance
2018-12-03,SPY,buy,1.39634504,280.2799987792969,280.47619477844233,391.64154341695183,0.0,Monthly rebalance
2018-12-03,IEF,buy,3.85811885,101.44000244140625,101.51101044311523,391.6415428731297,0.0,Monthly rebalance
2019-01-02,SPY,sell,1.39634504,245.97999572753906,245.80780973052978,343.232515910489,0.03,Monthly rebalance
2019-01-02,IEF,sell,0.2449850549126844,104.30999755859375,104.23698056030273,25.53650240649818,0.0,Monthly rebalance
2019-01-02,VNQ,sell,4.744999640353784,73.55999755859375,73.50850556030274,348.7978324465806,0.01,Monthly rebalance
2019-01-02,GLD,buy,3.10577653,121.3499984741211,121.43494347305297,377.14979736048457,0.0,Monthly rebalance
2019-02-01,GLD,sell,0.06951921077843037,124.88999938964844,124.80257639007569,8.67617661375283,0.03,Monthly rebalance
2019-02-01,IEF,buy,0.01659885,104.47000122070312,104.5431302215576,1.7352957370781013,0.0,Monthly rebalance
2019-02-01,VNQ,buy,4.54183955,83.48999786376953,83.54844086227416,379.4636130491129,0.0,Monthly rebalance
2019-03-01,VNQ,sell,0.034993168908342476,83.94000244140625,83.88124443969727,2.9352705549202898,0.03,Monthly rebalance
2019-03-01,SPY,buy,1.34896838,280.44000244140625,280.63631044311524,378.56950906762626,0.0,Monthly rebalance
2019-03-01,IEF,buy,0.01692924,103.73999786376953,103.81261586227416,1.7574686889602462,0.0,Monthly rebalance
2019-03-01,GLD,buy,0.02743466,123.4800033569336,123.56643935928344,3.390003251232559,0.0,Monthly rebalance
2019-04-01,IEF,sell,0.024998557920946407,106.0999984741211,106.02572847518921,2.6504903143975542,0.03,Monthly rebalance
2019-04-01,VNQ,sell,0.09008231803266842,87.0,86.9391,7.831675655673963,0.0,Monthly rebalance
2019-04-01,EFA,buy,5.78920209,65.4800033569336,65.52583935928344,379.3423261677679,0.0,Monthly rebalance
2019-04-01,GLD,buy,0.07465416,122.4000015258789,122.48568152694702,9.144065666421747,0.0,Monthly rebalance
2019-05-01,SPY,sell,0.03484466514363649,294.7200012207031,294.5136972198486,10.262231159839969,0.03,Monthly rebalance
2019-05-01,IEF,buy,0.04099905,105.69999694824219,105.77398694610595,4.336632979502745,0.0,Monthly rebalance
2019-05-01,GLD,buy,0.05954328,121.02999877929688,121.11471977844238,7.211567671889332,0.0,Monthly rebalance
2019-05-01,VNQ,buy,0.04512801,86.7699966430664,86.83073564071654,3.9184983063016126,0.0,Monthly rebalance
2019-06-03,SPY,sell,1.3141237148563636,275.30999755859375,275.11728056030273,361.53814275108545,0.03,Monthly rebalance
2019-06-03,EFA,sell,5.78920209,63.59000015258789,63.54548715248108,367.8776670332116,0.01,Monthly rebalance
2019-06-03,IEF,sell,0.14293703074961117,108.87999725341797,108.80378125534057,15.552089426968582,0.0,Monthly rebalance
2019-06-03,GLD,sell,0.10958498405071948,124.08999633789062,124.0031333404541,13.588881389352904,0.0,Monthly rebalance
2019-06-03,VNQ,sell,0.06707900582794135,87.19999694824219,87.13895695037841,5.845194601115164,0.0,Monthly rebalance
2019-07-01,GLD,sell,0.12436482042164831,131.55999755859375,131.46790556030274,16.34998246621727,0.03,Monthly rebalance
2019-07-01,SPY,buy,1.30489287,296.67999267578125,296.88766867065425,387.4066020392591,0.0,Monthly rebalance
2019-07-01,EFA,buy,5.8312338,66.38999938964844,66.43647238922118,387.4066033487933,0.0,Monthly rebalance
2019-07-01,IEF,buy,0.03073427,109.81999969482422,109.89687369461059,3.3776001882860593,0.0,Monthly rebalance
2019-07-01,VNQ,buy,0.03701595,87.9800033569336,88.04158935928344,3.2589430696437676,0.0,Monthly rebalance
2019-08-01,GLD,sell,0.022813864150477592,132.4199981689453,132.32730417022705,3.018897140738487,0.03,Monthly rebalance
2019-08-01,VNQ,sell,0.0563222521279112,89.01000213623047,88.9476951347351,5.009734511575131,0.0,Monthly rebalance
2019-08-01,SPY,buy,0.00346562,297.6000061035156,297.80832610778805,1.0320904911256723,0.0,Monthly rebalance
2019-08-01,EFA,buy,0.18671242,64.52999877929688,64.57516977844237,12.05698622124384,0.0,Monthly rebalance
2019-09-03,IEF,sell,0.048835584123669395,113.87999725341797,113.80028125534058,5.557503208542422,0.03,Monthly rebalance
2019-09-03,GLD,sell,0.19026401832003437,144.9600067138672,144.8585347091675,27.561366901718376,0.0,Monthly rebalance
2019-09-03,VNQ,sell,0.05050732498502253,92.19999694824219,92.13545695037841,4.653515466836315,0.0,Monthly rebalance
2019-09-03,SPY,buy,0.06280515,290.57000732421875,290.7734063293457,18.262067400525506,0.0,Monthly rebalance
2019-09-03,EFA,buy,0.32068415,62.849998474121094,62.89399347305297,20.16910683701154,0.0,Monthly rebalance
2019-10-01,SPY,sell,0.026833033059840528,297.739990234375,297.53157224121094,7.983674514294743,0.03,Monthly rebalance
2019-10-01,EFA,sell,0.1826629377128821,65.0199966430664,64.97448264541626,11.86842987638641,0.0,Monthly rebalance
2019-10-01,VNQ,sell,0.030353572217324043,93.19999694824219,93.13475695037842,2.8269725710362335,0.0,Monthly rebalance
2019-10-01,IEF,buy,0.05992733,111.8499984741211,111.92829347305297,6.707563779296492,0.0,Monthly rebalance
2019-10-01,GLD,buy,0.11537889,138.07000732421875,138.1666563293457,15.941515442291381,0.0,Monthly rebalance
2019-11-01,EFA,sell,0.12161697359094781,67.8499984741211,67.80250347518921,8.245935274542234,0.03,Monthly rebalance
2019-11-01,IEF,buy,0.08204701,112.18000030517578,112.2585263053894,9.210476430363547,0.0,Monthly rebalance
2019-11-01,GLD,buy,0.0119201,142.2100067138672,142.3095537185669,1.6963441112806892,0.0,Monthly rebalance
2019-11-01,VNQ,buy,0.03914184,94.41000366210938,94.47609066467284,3.6979680246221176,0.0,Monthly rebalance
2019-12-02,SPY,sell,0.049985280960164635,314.5899963378906,314.3697833404541,15.713861945658682,0.03,Monthly rebalance
2019-12-02,EFA,sell,0.055083197555931385,68.0999984741211,68.05232847518921,3.7485398535399823,0.0,Monthly rebalance
2019-12-02,IEF,buy,0.02820366,110.87000274658203,110.94761174850463,3.12912871956683,0.0,Monthly rebalance
2019-12-02,GLD,buy,0.08451079,137.32000732421875,137.4161313293457,11.613145817386755,0.0,Monthly rebalance
2019-12-02,VNQ,buy,0.05700938,92.69999694824219,92.76488694610595,5.288468690567593,0.0,Monthly rebalance
2020-01-02,GLD,sell,0.05581495909188705,143.86000061035156,143.75929860992431,8.023919370991301,0.03,Monthly rebalance
2020-01-02,IEF,buy,0.04384031,110.69000244140625,110.76748544311522,4.856080899746659,0.0,Monthly rebalance
2020-01-02,VNQ,buy,0.03989926,93.19000244140625,93.25523544311523,3.7208148853060696,0.0,Monthly rebalance
2020-02-03,IEF,sell,0.009366346126506109,113.61000061035156,113.53047360992431,1.0633657117367186,0.03,Monthly rebalance
2020-02-03,GLD,sell,0.07442006849741434,148.66000366210938,148.55594165954588,11.055543354001292,0.0,Monthly rebalance
2020-02-03,SPY,buy,0.00767234,323.3500061035156,323.57635110778807,2.4825877816583266,0.0,Monthly rebalance
2020-02-03,EFA,buy,0.23715211,67.66999816894531,67.71736716766357,16.05931650745614,0.0,Monthly rebalance
2020-02-03,VNQ,buy,0.05315657,93.87999725341797,93.94571325149535,4.99383188265304,0.0,Monthly rebalance
2020-03-02,SPY,sell,1.302017665979995,298.2099914550781,298.00124446105957,388.00288477232266,0.03,Monthly rebalance
2020-03-02,EFA,sell,6.216419371140239,62.22999954223633,62.18643854255676,386.57698117817176,0.01,Monthly rebalance
2020-03-02,IEF,sell,0.25288983769805773,117.55000305175781,117.46771804962158,29.706392152330007,0.0,Monthly rebalance
2020-03-02,GLD,sell,0.12613279491023377,150.0,149.89499999999998,18.90667529306949,0.0,Monthly rebalance
2020-03-02,VNQ,sell,4.48385291790079,87.6500015258789,87.58864652481078,392.7346082952537,0.009999999999999998,Monthly rebalance
2020-04-01,IEF,sell,0.11224395097642503,122.12999725341797,122.04450625534058,13.698757577066447,0.03,Monthly rebalance
2020-04-01,GLD,buy,0.04709507,148.1999969482422,148.30373694610594,6.984374872738446,0.0,Monthly rebalance
2020-05-01,GLD,sell,0.13757728133894265,158.0,157.8894,21.72199440423685,0.03,Monthly rebalance
2020-05-01,IEF,buy,0.05240234,121.79000091552734,121.8752539161682,6.386548493301378,0.0,Monthly rebalance
2020-06-01,GLD,sell,0.063456807692579,162.9199981689453,162.80595417022704,10.331146124986928,0.03,Monthly rebalance
2020-06-01,SPY,buy,1.36957794,303.6199951171875,303.8325291137695,416.1223293286265,0.0,Monthly rebalance
2020-06-01,IEF,buy,0.02555788,121.62000274658203,121.70513674850463,3.1105252804018715,0.0,Monthly rebalance
2020-07-01,SPY,sell,0.013209306650369346,309.57000732421875,309.3533083190918,4.086342712893138,0.03,Monthly rebalance
2020-07-01,GLD,sell,0.038799629804239455,167.0500030517578,166.93306804962157,6.47694124241123,0.0,Monthly rebalance
2020-07-01,IEF,buy,0.0359379,121.52999877929688,121.61506977844238,4.370590216190685,0.0,Monthly rebalance
2020-08-03,SPY,sell,0.032138124855364936,328.32000732421875,328.0901833190918,10.544203275328542,0.03,Monthly rebalance
2020-08-03,GLD,sell,0.16408455957216583,185.0500030517578,184.92046804962158,30.34259355580092,0.0,Monthly rebalance
2020-08-03,EFA,buy,6.93525888,62.689998626708984,62.73388162574768,435.0757096218354,0.0,Monthly rebalance
2020-08-03,IEF,buy,0.09353445,122.5199966430664,122.60576064071654,11.46786238836107,0.0,Monthly rebalance
2020-09-01,SPY,sell,0.05668914016262483,350.2099914550781,349.96484446105956,19.839206119644203,0.03,Monthly rebalance
2020-09-01,EFA,sell,0.10804149010616015,65.0199966430664,64.97448264541626,7.019939923887615,0.0,Monthly rebalance
2020-09-01,IEF,buy,0.10797914,121.4000015258789,121.48498152694701,13.117843828195625,0.0,Monthly rebalance
2020-09-01,GLD,buy,0.02447341,186.99000549316406,187.12089849700925,4.579486468485691,0.0,Monthly rebalance
2020-10-01,EFA,sell,0.01647103272477768,64.0,63.9552,1.0534081921197014,0.03,Monthly rebalance
2020-10-01,IEF,sell,0.06988584181467905,121.52999877929688,121.44492778015136,8.48728101203878,0.0,Monthly rebalance
2020-10-01,SPY,buy,0.02325126,337.69000244140625,337.92638544311524,7.857214248798087,0.0,Monthly rebalance
2020-10-01,GLD,buy,0.06512478,178.7100067138672,178.83510371856687,11.646596785948848,0.0,Monthly rebalance
2020-11-02,IEF,sell,0.014164986468859553,120.33999633789062,120.2557583404541,1.7034211896949765,0.03,Monthly rebalance
2020-11-02,GLD,sell,0.016339781170758183,177.4499969482422,177.3257819503784,2.8974644730027643,0.0,Monthly rebalance
2020-11-02,SPY,buy,0.01119099,330.20001220703125,330.43115221557616,3.6978517201329906,0.0,Monthly rebalance
2020-11-02,EFA,buy,0.11443076,62.08000183105469,62.12345783233642,7.10883449358221,0.0,Monthly rebalance
2020-12-01,SPY,sell,0.07647518160409117,365.57000732421875,365.31410831909176,27.937462776239176,0.03,Monthly rebalance
2020-12-01,EFA,sell,0.6452619056731459,71.33999633789062,71.2900583404541,46.00075890031116,0.0,Monthly rebalance
2020-12-01,IEF,sell,3.5725030892085607,119.97000122070312,119.88602221984863,428.29318473333535,0.01,Monthly rebalance
2020-12-01,GLD,sell,2.4227388902004705,169.75999450683594,169.64116251068114,410.9962417934453,0.0,Monthly rebalance
2020-12-01,VNQ,buy,5.27317717,84.95999908447266,85.01947108383177,448.3227339247369,0.0,Monthly rebalance
2021-01-04,SPY,sell,0.00797723860418964,375.30999755859375,375.04728056030274,2.99184164488199,0.03,Monthly rebalance
2021-01-04,EFA,sell,0.13726653903503117,74.38999938964844,74.33792639007568,10.204109874606596,0.0,Monthly rebalance
2021-01-04,GLD,buy,2.51113715,181.97000122070312,182.09738022155761,457.2714963920286,0.0,Monthly rebalance
2021-01-04,VNQ,buy,0.09010507,85.19999694824219,85.25963694610596,7.682325555203463,0.0,Monthly rebalance
2021-02-01,SPY,sell,0.008236106665132636,373.7200012207031,373.4583972198486,3.0758431944921467,0.03,Monthly rebalance
2021-02-01,GLD,sell,2.51113715,175.02000427246094,174.8974902694702,439.1915852574302,0.0,Monthly rebalance
2021-02-01,VNQ,sell,0.07622391866570677,85.4800033569336,85.42016735458374,6.511059888846852,0.0,Monthly rebalance
2021-02-01,EFA,buy,0.02462439,73.27999877929688,73.33129477844238,1.8057384018293288,0.0,Monthly rebalance
2021-03-01,SPY,sell,0.01548215044707435,385.5899963378906,385.32008334045406,5.965583500556137,0.03,Monthly rebalance
2021-03-01,EFA,sell,0.021447719672743837,74.9000015258789,74.84757152481079,1.6053097322497858,0.0,Monthly rebalance
2021-03-01,VNQ,sell,0.10733160448864609,88.87000274658203,88.80779374465942,9.531882993711044,0.0,Monthly rebalance
2021-04-01,SPY,sell,0.01537689272930387,398.3999938964844,398.1211139007568,6.1218656617229055,0.03,Monthly rebalance
2021-04-01,VNQ,sell,0.09537613137527767,92.33999633789062,92.2753583404541,8.800866699779975,0.0,Monthly rebalance
2021-05-03,SPY,sell,0.02248688900296747,419.42999267578125,419.13639168090816,9.42507351683288,0.03,Monthly rebalance
2021-05-03,VNQ,sell,0.21452576326127293,99.55999755859375,99.49030556030273,21.343233737421208,0.0,Monthly rebalance
2021-06-01,EFA,sell,0.13693581026369817,81.5,81.44295,11.152456348515855,0.03,Monthly rebalance
2021-06-01,SPY,buy,0.00297004,422.57000732421875,422.8658063293457,1.2559283594304098,0.0,Monthly rebalance
2021-06-01,GLD,buy,2.73956428,178.75999450683594,178.88512650299072,490.0673027908747,0.0,Monthly rebalance
2021-07-01,SPY,sell,0.027325326132144223,428.8699951171875,428.56978612060544,11.71080917612884,0.03,Monthly rebalance
2021-07-01,GLD,sell,2.73956428,166.64999389648438,166.53333890075683,456.22878668164793,0.0,Monthly rebalance
2021-07-01,VNQ,sell,0.1133153185595166,102.02999877929688,101.95857778015136,11.553468721033102,0.0,Monthly rebalance
2021-07-01,EFA,buy,0.14279842,78.88999938964844,78.94522238922119,11.273253023729412,0.0,Monthly rebalance
2021-08-02,SPY,sell,0.00980159141324033,440.3399963378906,440.0317583404541,4.313011504102838,0.03,Monthly rebalance
2021-08-02,VNQ,sell,0.13435177430302048,106.87000274658203,106.79519374465941,14.348123766629826,0.0,Monthly rebalance
2021-08-02,IEF,buy,4.19258199,117.81999969482422,117.90247369461059,494.31578778847313,0.0,Monthly rebalance
2021-08-02,GLD,buy,2.91772002,169.3000030517578,169.41851305389403,494.31578729597794,0.0,Monthly rebalance
2021-09-01,SPY,sell,0.017570858554009083,452.55999755859375,452.2432055603027,7.946301396911734,0.03,Monthly rebalance
2021-09-01,VNQ,sell,0.030771645256021607,108.83999633789062,108.7638083404541,3.346841326946378,0.0,Monthly rebalance
2021-09-01,IEF,buy,0.06652667,117.25,117.33207499999999,7.805712233940249,0.0,Monthly rebalance
2021-09-01,GLD,buy,0.02191323,169.94000244140625,170.0589604431152,3.7265411137508853,0.0,Monthly rebalance
2021-10-01,IEF,sell,4.25910866,115.36000061035156,115.27924860992431,490.98684607282155,0.04,Monthly rebalance
2021-10-01,GLD,sell,2.93963325,164.27000427246094,164.1550152694702,482.5555410403923,0.009999999999999998,Monthly rebalance
2021-10-01,SPY,buy,0.01223039,430.9800109863281,431.28169699401855,5.274743354098675,0.0,Monthly rebalance
2021-10-01,EFA,buy,0.01318579,78.05000305175781,78.10463805389404,1.0298713554046555,0.0,Monthly rebalance
2021-10-01,VNQ,buy,0.10568931,102.44000244140625,102.51171044311522,10.83439194365264,0.0,Monthly rebalance
2021-11-01,SPY,sell,0.035447001818115886,460.29998779296875,459.97777780151364,16.30483312602316,0.03,Monthly rebalance
2021-11-01,EFA,sell,0.018035938541236973,80.94999694824219,80.89333195037841,1.4589871634529061,0.0,Monthly rebalance
2021-11-01,VNQ,sell,0.1445915186952771,109.30000305175781,109.22349304962158,15.792790737247826,0.0,Monthly rebalance
2021-12-01,SPY,sell,0.01375921242690925,461.6400146484375,461.31686663818357,6.347356764190933,0.03,Monthly rebalance
2021-12-01,EFA,sell,6.146837803983206,77.88999938964844,77.83547639007568,478.4420487655595,0.0,Monthly rebalance
2021-12-01,IEF,buy,4.27305516,115.30000305175781,115.38071305389403,493.02815127942125,0.0,Monthly rebalance
2021-12-01,VNQ,buy,0.02040719,107.73999786376953,107.81541586227416,2.2002096764304424,0.0,Monthly rebalance
2022-01-03,SPY,sell,0.009040400999488662,476.29998779296875,475.96657780151367,4.302928725680002,0.03,Monthly rebalance
2022-01-03,VNQ,sell,0.23571589260731773,116.20999908447266,116.12865208511352,27.37336888352718,0.0,Monthly rebalance
2022-01-03,EFA,buy,6.32055855,79.13999938964844,79.19539738922118,500.55914608908967,0.0,Monthly rebalance
2022-01-03,IEF,buy,0.13288368,114.37000274658203,114.45006174850462,15.208545381368529,0.0,Monthly rebalance
2022-01-03,GLD,buy,2.96227051,168.86000061035156,168.9782026107788,500.5591464267151,0.0,Monthly rebalance
2022-02-01,EFA,sell,6.32055855,76.29000091552734,76.23659791488647,481.8578807738479,0.03,Monthly rebalance
2022-02-01,IEF,sell,4.40593884,112.5,112.42125,495.32115181635004,0.019999999999999997,Monthly rebalance
2022-02-01,GLD,sell,2.96227051,168.57000732421875,168.4520083190918,499.0004165939203,0.010000000000000002,Monthly rebalance
2022-02-01,SPY,buy,0.01660329,450.67999267578125,450.99546867065425,7.488008555024787,0.0,Monthly rebalance
2022-02-01,VNQ,buy,0.22612841,106.1500015258789,106.22430652694702,24.02033353829115,0.0,Monthly rebalance
2022-03-01,SPY,sell,1.0748084879349744,435.0400085449219,434.7354805389404,467.25738448974306,0.03,Monthly rebalance
2022-03-01,VNQ,sell,4.563303582787944,102.80000305175781,102.72804304962158,468.77924690113224,0.01,Monthly rebalance
2022-03-01,GLD,buy,2.66826052,179.0500030517578,179.17533805389402,478.08648068685903,0.0,Monthly rebalance
2022-04-01,GLD,sell,0.007091759826667765,179.5500030517578,179.42431804962158,1.2724341706715663,0.03,Monthly rebalance
2022-04-01,SPY,buy,1.05405321,453.30999755859375,453.62731455688476,478.14732705236406,0.0,Monthly rebalance
2022-04-01,VNQ,buy,4.38883849,108.87000274658203,108.94621174850462,478.1473274615273,0.0,Monthly rebalance
2022-05-02,SPY,sell,1.05405321,412.07000732421875,411.7815583190918,434.0396733650409,0.03,Monthly rebalance
2022-05-02,VNQ,sell,4.38883849,103.87000274658203,103.79729374465943,455.5495579443976,0.01,Monthly rebalance
2022-06-01,GLD,sell,2.6611687601733323,172.2100067138672,172.08945970916747,457.9590941331438,0.03,Monthly rebalance
2022-12-01,SPY,buy,1.12650354,408.7699890136719,409.0561280059814,460.80317625743123,0.01,Monthly rebalance
2022-12-01,EFA,buy,6.78474767,67.87000274658203,67.91751174850464,460.80317958786446,0.0,Monthly rebalance
2023-01-03,SPY,sell,1.12650354,384.3699951171875,384.10093612060547,432.691064257176,0.03,Monthly rebalance
2023-01-03,EFA,buy,0.04197815,66.45999908447266,66.50652108383179,2.791820718035253,0.0,Monthly rebalance
2023-01-03,GLD,buy,2.64828491,171.32000732421875,171.43993132934568,454.0217831109424,0.0,Monthly rebalance
2023-02-01,EFA,sell,0.32362935412531435,71.48999786376953,71.4399548652649,23.120066451787288,0.03,Monthly rebalance
2023-02-01,GLD,sell,0.06187961123355512,179.75,179.62417499999998,11.115074117148069,0.0,Monthly rebalance
2023-02-01,SPY,buy,1.14649975,405.2099914550781,405.49363844909664,464.8983551084797,0.0,Monthly rebalance
2023-02-01,IEF,buy,4.68319729,99.19999694824219,99.26943694610596,464.8983580858293,0.0,Monthly rebalance
2023-02-01,VNQ,buy,5.12943755,90.56999969482422,90.63339869461059,464.8983585482565,0.0,Monthly rebalance
2023-03-01,SPY,sell,0.016981064564650428,395.4100036621094,395.1332166595459,6.709782663733755,0.03,Monthly rebalance
2023-03-01,EFA,sell,0.11364041730706909,69.9000015258789,69.85107152481079,7.937904917425429,0.0,Monthly rebalance
2023-03-01,IEF,sell,4.68319729,95.13999938964844,95.07340139007567,445.2474957410846,0.0,Monthly rebalance
2023-03-01,VNQ,sell,5.12943755,85.12000274658203,85.06041874465942,436.3121059275798,0.01,Monthly rebalance
2023-03-01,GLD,buy,0.026189,170.9499969482422,171.06966194610595,4.480143376706569,0.0,Monthly rebalance
2023-04-03,SPY,sell,0.007119078444645988,408.8500061035156,408.56381109924314,2.908597820859037,0.03,Monthly rebalance
2023-04-03,GLD,sell,0.11657541960276552,183.85000610351562,183.72131109924317,21.417388931364496,0.0,Monthly rebalance
2023-04-03,IEF,buy,4.64419691,98.80999755859375,98.87916455688476,459.2143104984657,0.0,Monthly rebalance
2023-05-01,SPY,sell,0.004484560907366264,415.4700012207031,415.1791722198486,1.8618962852898187,0.03,Monthly rebalance
2023-05-01,EFA,sell,0.08656352349005747,73.69000244140625,73.63841943969726,6.374401050938938,0.0,Monthly rebalance
2023-05-01,IEF,buy,0.04211287,99.11000061035156,99.1793776107788,4.176728236003638,0.0,Monthly rebalance
2023-06-01,SPY,sell,0.019150603655499587,418.0899963378906,417.7973333404541,8.00107113912768,0.03,Monthly rebalance
2023-06-01,EFA,buy,0.16272889,71.05000305175781,71.09973805389404,11.569981452800937,0.0,Monthly rebalance
2023-06-01,GLD,buy,0.01687662,182.80999755859375,182.93796455688476,3.087374511400012,0.0,Monthly rebalance
2023-07-03,SPY,sell,0.04859574594833682,442.9200134277344,442.60996941833497,21.508961628054536,0.03,Monthly rebalance
2023-07-03,EFA,sell,0.04723138732624044,72.47000122070312,72.41927221984864,3.420462696100115,0.0,Monthly rebalance
2023-07-03,IEF,buy,0.13942949,96.31999969482422,96.38742369461059,13.439249328153469,0.0,Monthly rebalance
2023-07-03,GLD,buy,0.08916871,178.61000061035156,178.7350276107788,15.937571843867525,0.0,Monthly rebalance
2023-07-03,VNQ,buy,5.44328138,83.43000030517578,83.4884013053894,454.45086027159385,0.0,Monthly rebalance
2023-08-01,SPY,sell,0.017005025058845824,456.2699890136719,455.9506000213623,7.7534513789590545,0.03,Monthly rebalance
2023-08-01,EFA,sell,0.02477066595189381,73.7300033569336,73.67839235458374,1.8250628448879607,0.0,Monthly rebalance
2023-08-01,IEF,sell,4.825739270000001,95.04000091552734,94.97347291488647,458.3172178536491,0.0,Monthly rebalance
2023-08-01,VNQ,buy,0.10001085,85.04000091552734,85.09952891616821,8.510876221505562,0.0,Monthly rebalance
2023-09-01,SPY,sell,0.004257680080413939,453.1700134277344,452.85279441833495,1.9281023221547335,0.03,Monthly rebalance
2023-09-01,GLD,sell,0.023140901413214454,180.8000030517578,180.67344304962157,4.180946333597309,0.0,Monthly rebalance
2023-09-01,VNQ,sell,5.5432922300000005,82.9000015258789,82.84197152481079,459.21725707136494,0.0,Monthly rebalance
2023-09-01,EFA,buy,0.06888004,72.1500015258789,72.20050652694701,4.973173777596371,0.0,Monthly rebalance
2023-10-02,EFA,sell,6.462499401799425,68.47000122070312,68.42207221984863,442.17760079064885,0.03,Monthly rebalance
2023-10-02,GLD,sell,2.578923307750465,170.22999572753906,170.11083473052977,438.70279658745056,0.01,Monthly rebalance
2023-10-02,SPY,buy,0.02789272,426.6199951171875,426.9186291137695,11.90792178465422,0.0,Monthly rebalance
2023-11-01,SPY,sell,1.0567987113402413,419.20001220703125,418.9065721984863,442.69992567131806,0.03,Monthly rebalance
2023-11-01,GLD,buy,2.44222768,183.91000366210938,184.03874066467284,449.4645066436056,0.0,Monthly rebalance
2023-12-01,GLD,sell,0.05139781616611039,188.80999755859375,188.67783056030274,9.697628449758964,0.03,Monthly rebalance
2023-12-01,SPY,buy,0.99043945,455.7699890136719,456.0890280059814,451.7285660492788,0.0,Monthly rebalance
2023-12-01,EFA,buy,6.23670348,72.37999725341797,72.43066325149536,451.7285695593092,0.0,Monthly rebalance
2023-12-01,VNQ,buy,5.527952,81.66000366210938,81.71716566467285,451.7285693703596,0.0,Monthly rebalance
2024-01-02,VNQ,sell,0.21053646801209513,88.05000305175781,87.98836804962158,18.524760235315608,0.03,Monthly rebalance
2024-01-02,EFA,buy,0.04323206,74.54000091552734,74.59217891616821,3.224773554434519,0.0,Monthly rebalance
2024-01-02,IEF,buy,4.74458609,95.94000244140625,96.00716044311523,455.5142379788028,0.0,Monthly rebalance
2024-01-02,GLD,buy,0.05331397,191.44000244140625,191.5740104431152,10.213571045543931,0.0,Monthly rebalance
2024-02-01,SPY,sell,0.02703324868212864,484.6300048828125,484.2907638793945,13.091952654409713,0.03,Monthly rebalance
2024-02-01,EFA,sell,0.07039255703956915,75.19000244140625,75.13736943969727,5.28911156408707,0.0,Monthly rebalance
2024-02-01,IEF,buy,0.08560453,96.5999984741211,96.66761847305297,8.275186045605016,0.0,Monthly rebalance
2024-02-01,GLD,buy,0.01636548,189.7100067138672,189.84280371856687,3.106868607400132,0.0,Monthly rebalance
2024-02-01,VNQ,buy,0.24525804,83.80000305175781,83.85866305389403,20.567011337618467,0.0,Monthly rebalance
2024-03-01,SPY,sell,0.03175497603331101,508.9800109863281,508.62372497863765,16.15133419667001,0.03,Monthly rebalance
2024-03-01,EFA,sell,0.09645992576916562,77.56999969482422,77.51570069503784,7.47715873498821,0.0,Monthly rebalance
2024-03-01,IEF,buy,0.1949593,93.8499984741211,93.91569347305297,18.309737858520975,0.0,Monthly rebalance
2024-03-01,GLD,buy,0.02777661,190.27000427246094,190.40319327545166,5.288755242366843,0.0,Monthly rebalance
2024-04-01,GLD,sell,0.13187916847881764,208.67999267578125,208.5339166809082,27.501279531509212,0.03,Monthly rebalance
2024-04-01,SPY,buy,0.00573361,523.8300170898438,524.1966981018066,3.0055394302034997,0.0,Monthly rebalance
2024-04-01,EFA,buy,0.04470462,79.72000122070312,79.7758052215576,3.5663470576237484,0.0,Monthly rebalance
2024-04-01,IEF,buy,0.16736474,93.98999786376953,94.05579086227416,15.741622983158893,0.0,Monthly rebalance
2024-04-01,VNQ,buy,0.08617678,86.73999786376953,86.80071586227416,7.48020619470571,0.0,Monthly rebalance
2024-05-01,IEF,sell,5.1925146600000005,91.43000030517578,91.36599930496216,474.4192908165659,0.03,Monthly rebalance
2024-05-01,GLD,sell,0.12157144930177477,212.9600067138672,212.81093470916747,25.871733759858852,0.01,Monthly rebalance
2024-05-01,VNQ,sell,5.648850351987905,79.5,79.44435,448.76924446095035,0.0,Monthly rebalance
2024-05-01,SPY,buy,0.01185633,501.3800048828125,501.7309708862304,5.94868796204754,0.0,Monthly rebalance
2024-06-03,SPY,sell,0.027689266031715842,529.02001953125,528.6497055175781,14.63792233366446,0.03,Monthly rebalance
2024-06-03,EFA,sell,0.17154763388384353,81.44000244140625,81.38299443969726,13.961060134512058,0.0,Monthly rebalance
2024-06-03,IEF,buy,5.25815879,92.6500015258789,92.71485652694702,487.50943781075534,0.0,Monthly rebalance
2024-06-03,GLD,buy,0.02301865,215.9199981689453,216.07114216766357,4.973665996657689,0.0,Monthly rebalance
2024-06-03,VNQ,buy,5.82110653,83.69000244140625,83.74858544311523,487.509437601181,0.0,Monthly rebalance
2024-07-01,SPY,sell,0.022377303912570645,545.6300048828125,545.2480638793945,12.201181633169945,0.03,Monthly rebalance
2024-07-01,EFA,buy,0.09968476,78.76000213623047,78.81513413772582,7.856667730887005,0.0,Monthly rebalance
2024-07-01,IEF,buy,0.01082113,92.83999633789062,92.90498433532714,1.0053369131405385,0.0,Monthly rebalance
2024-07-01,GLD,buy,0.00879182,215.25,215.40067499999998,1.8937639624784999,0.0,Monthly rebalance
2024-07-01,VNQ,buy,0.01690073,83.69000244140625,83.74858544311523,1.4154122304560208,0.0,Monthly rebalance
2024-08-01,GLD,sell,0.015270679491633743,226.74000549316406,226.58128748931884,3.4600502200511105,0.03,Monthly rebalance
2024-08-01,VNQ,sell,0.25658579847027774,91.45999908447266,91.39597708511353,23.450909757355063,0.0,Monthly rebalance
2024-08-01,SPY,buy,0.02380366,552.5700073242188,552.9568063293457,13.162395812549594,0.0,Monthly rebalance
2024-08-01,EFA,buy,0.33618778,79.33999633789062,79.39553433532714,26.691808430107407,0.0,Monthly rebalance
2024-08-01,IEF,buy,0.04682531,96.0,96.06719999999999,4.498376420832,0.0,Monthly rebalance
2024-09-03,EFA,sell,0.08666777153375094,82.55999755859375,82.50220556030273,7.150282302530873,0.03,Monthly rebalance
2024-09-03,VNQ,sell,0.060476559834024,94.73999786376953,94.67367986526489,5.725538465078925,0.0,Monthly rebalance
2024-09-03,SPY,buy,0.00926402,560.469970703125,560.8622996826172,5.195839561505759,0.0,Monthly rebalance
2024-09-03,IEF,buy,0.05354846,97.30999755859375,97.37811455688475,5.214448072224761,0.0,Monthly rebalance
2024-09-03,GLD,buy,0.01716946,230.3800048828125,230.54127088623045,3.9582691288302985,0.0,Monthly rebalance
2024-10-01,GLD,sell,0.06944967860244722,245.1999969482422,245.02835695037842,17.017140638689497,0.03,Monthly rebalance
2024-10-01,SPY,buy,0.00532318,573.4000244140625,573.8014044311523,3.0544481600398212,0.0,Monthly rebalance
2024-10-01,EFA,buy,0.0718297,83.66000366210938,83.71856566467285,6.0134794561237515,0.0,Monthly rebalance
2024-10-01,IEF,buy,0.08061189,98.16999816894531,98.23871716766357,7.919208662060807,0.0,Monthly rebalance
2024-11-01,SPY,sell,0.008816020628971466,571.3200073242188,570.9200833190918,5.033243232035221,0.03,Monthly rebalance
2024-11-01,GLD,sell,0.11277737699014478,254.3300018310547,254.15197082977295,28.662592627057585,0.0,Monthly rebalance
2024-11-01,EFA,buy,0.24511823,79.6500015258789,79.70575652694701,19.5373339606962,0.0,Monthly rebalance
2024-11-01,IEF,buy,0.16633295,94.37000274658203,94.43606174850463,15.707828737010933,0.0,Monthly rebalance
2024-11-01,VNQ,buy,0.08025105,94.68000030517578,94.7462763053894,7.603488157097621,0.0,Monthly rebalance
2024-12-02,SPY,sell,0.04058825110230002,602.969970703125,602.5478917236328,24.456365130440293,0.03,Monthly rebalance
2024-12-02,EFA,sell,6.652392741773672,79.08000183105469,79.02464582977295,525.7029803392167,0.01,Monthly rebalance
2024-12-02,VNQ,sell,0.11753321589188559,97.66000366210938,97.5916416595459,11.470259488414944,0.0,Monthly rebalance
2024-12-02,IEF,buy,0.04414454,94.61000061035156,94.6762276107788,4.179438516813129,0.0,Monthly rebalance
2024-12-02,GLD,buy,0.10436607,244.4600067138672,244.63112871856688,25.53118950402096,0.0,Monthly rebalance
2025-01-02,IEF,sell,5.66044307,92.6500015258789,92.58514652481078,524.0729510312998,0.04,Monthly rebalance
2025-01-02,GLD,sell,0.049396616663504034,244.22000122070312,244.04904721984863,12.055197232612258,0.0,Monthly rebalance
2025-01-02,VNQ,buy,0.38618936,89.08999633789062,89.15235933532715,34.42969259420001,0.0,Monthly rebalance
2025-02-03,GLD,sell,0.09753155517984657,259.75,259.568175,25.31608778294457,0.03,Monthly rebalance
2025-02-03,SPY,buy,0.00755731,592.6699829101562,593.0848518981933,4.482126082098735,0.0,Monthly rebalance
2025-02-03,EFA,buy,6.81382928,77.91000366210938,77.96454066467284,531.2370699826985,0.0,Monthly rebalance
2025-02-03,VNQ,buy,0.04508344,89.75,89.81282499999999,4.0490711071179994,0.0,Monthly rebalance
2025-03-03,EFA,sell,0.25104309426641347,83.16999816894531,83.11177917022705,20.86463821288065,0.03,Monthly rebalance
2025-03-03,VNQ,sell,0.11073615536209847,94.04000091552734,93.97417291488647,10.406338611927573,0.0,Monthly rebalance
2025-03-03,SPY,buy,0.01980734,596.1799926757812,596.5973186706542,11.817005933997995,0.0,Monthly rebalance
2025-03-03,IEF,buy,5.75827519,94.72000122070312,94.78630522155761,545.8056297090626,0.0,Monthly rebalance
2025-03-03,GLD,buy,0.01541342,265.07000732421875,265.25555632934567,4.088495297037864,0.0,Monthly rebalance
2025-04-01,SPY,sell,0.9155258336090024,557.4500122070312,557.0597971984863,510.002635200206,0.04,Monthly rebalance
2025-04-01,IEF,sell,0.03673827370142568,95.2699966430664,95.20330764541626,3.497605173558335,0.0,Monthly rebalance
2025-04-01,GLD,sell,0.17003460318879204,288.5400085449219,288.3380305389404,49.027442606926535,0.0,Monthly rebalance
2025-04-01,VNQ,sell,5.804199380441714,90.79000091552734,90.72644791488648,526.5943927772615,0.009999999999999998,Monthly rebalance
2025-04-01,EFA,buy,0.10254532,81.77999877929688,81.83724477844238,8.392026453723703,0.0,Monthly rebalance
2025-05-01,EFA,sell,0.15085327659220393,84.9800033569336,84.92051735458374,12.810538292844075,0.03,Monthly rebalance
2025-05-01,GLD,sell,0.02772950538772756,297.4100036621094,297.2018166595459,8.241259376303297,0.0,Monthly rebalance
2025-05-01,IEF,buy,0.05235125,95.87999725341797,95.94711325149535,5.022951312607346,0.0,Monthly rebalance
2025-06-02,EFA,sell,0.20483244129242895,88.97000122070312,88.90772221984864,18.211185792040727,0.03,Monthly rebalance
2025-06-02,GLD,sell,0.04590971051560344,309.2099914550781,308.99354446105957,14.185804177397486,0.0,Monthly rebalance
2025-06-02,SPY,buy,0.95509933,587.760009765625,588.1714417724609,561.7621499620114,0.0,Monthly rebalance
2025-06-02,IEF,buy,0.19812452,94.0,94.0658,18.636741473416,0.0,Monthly rebalance
2025-07-01,SPY,sell,0.02870485323765881,616.3599853515625,615.9285333618163,17.680138155037376,0.03,Monthly rebalance
2025-07-01,EFA,buy,0.09808041,89.11000061035156,89.1723776107788,8.746063356740006,0.0,Monthly rebalance
2025-07-01,IEF,buy,0.0119791,95.41999816894531,95.48679216766357,1.1438458320556586,0.0,Monthly rebalance
2025-07-01,GLD,buy,0.03501216,308.55999755859375,308.7759895568847,10.810914350523976,0.0,Monthly rebalance
2025-08-01,SPY,sell,0.015019619641655768,626.2999877929688,625.8615778015137,9.400202846905286,0.03,Monthly rebalance
2025-08-01,EFA,buy,0.13207753,87.27999877929688,87.34109477844238,11.535796065832567,0.0,Monthly rebalance
2025-09-02,EFA,sell,0.0855363468842052,90.0999984741211,90.0369284751892,7.701429946442156,0.03,Monthly rebalance
2025-09-02,GLD,sell,0.037872449291249,320.82000732421875,320.5954333190918,12.141734291383305,0.0,Monthly rebalance
2025-09-02,IEF,buy,0.10754971,95.45999908447266,95.52682108383178,10.273881904787993,0.0,Monthly rebalance
2025-09-02,VNQ,buy,6.34265938,91.41000366210938,91.47399066467284,580.1883649153197,0.0,Monthly rebalance
2025-10-01,GLD,sell,0.10867507421183231,356.1700134277344,355.92069441833496,38.67970787943944,0.03,Monthly rebalance
2025-10-01,SPY,buy,0.00300094,663.1699829101562,663.6342018981933,1.9915264218443642,0.0,Monthly rebalance
2025-10-01,IEF,buy,0.15398894,96.55999755859375,96.62758955688476,14.879580090619752,0.0,Monthly rebalance
2025-10-01,VNQ,buy,0.23818939,91.37000274658203,91.43396174850463,21.77859957415965,0.0,Monthly rebalance
2025-11-03,SPY,sell,0.021454622449743832,685.6699829101562,685.1900139221191,14.700493055033785,0.03,Monthly rebalance
2025-11-03,GLD,sell,0.044342818067902634,368.9100036621094,368.6517666595459,16.347058219395137,0.0,Monthly rebalance
2025-11-03,EFA,buy,0.01953971,94.55999755859375,94.62618955688475,1.8489683023465564,0.0,Monthly rebalance
2025-11-03,IEF,buy,0.09964422,96.41999816894531,96.48749216766356,9.614420896802946,0.0,Monthly rebalance
2025-11-03,VNQ,buy,0.34469723,88.19999694824219,88.26173694610596,30.423576240311384,0.0,Monthly rebalance
2025-12-01,GLD,sell,0.0656920372755252,390.6099853515625,390.3365583618164,25.64200374190466,0.03,Monthly rebalance
2025-12-01,VNQ,sell,0.0421523412113709,90.44999694824219,90.38668195037842,3.8100102585360105,0.0,Monthly rebalance
2025-12-01,SPY,buy,0.02151918,678.8099975585938,679.2851645568848,14.617659727429222,0.0,Monthly rebalance
2025-12-01,EFA,buy,0.07572847,94.91999816894531,94.98644216766357,7.193177936100646,0.0,Monthly rebalance
2025-12-01,IEF,buy,0.07859721,96.7699966430664,96.83773564071655,7.6111758440778825,0.0,Monthly rebalance
2026-01-02,EFA,sell,0.048689778770760306,97.02999877929688,96.96207778015136,4.721062116268823,0.03,Monthly rebalance
2026-01-02,GLD,sell,0.023342972563174413,401.6199951171875,401.33886112060543,9.368442023673959,0.0,Monthly rebalance
2026-01-02,SPY,buy,0.0025179,685.7100219726562,686.1900189880371,1.7277578488099785,0.0,Monthly rebalance
2026-01-02,IEF,buy,0.05870506,96.29000091552734,96.35740391616821,5.65666717834289,0.0,Monthly rebalance
2026-01-02,VNQ,buy,0.11761739,88.37000274658203,88.43186174850463,10.401124771699951,0.0,Monthly rebalance
2026-02-02,EFA,sell,0.059535242778606445,100.87999725341797,100.80938125534057,6.001710987397798,0.03,Monthly rebalance
2026-02-02,GLD,sell,0.07338272357160869,434.010009765625,433.70620275878906,31.826542388340286,0.0,Monthly rebalance
2026-02-02,SPY,buy,0.02447789,689.5800170898438,690.0627231018066,16.89127942918648,0.0,Monthly rebalance
2026-02-02,IEF,buy,0.2989213,95.66999816894531,95.73696716766356,28.61781868381531,0.0,Monthly rebalance
2026-02-02,VNQ,buy,0.14240277,90.9000015258789,90.96363152694701,12.953473098696586,0.0,Monthly rebalance
2026-03-02,GLD,sell,0.118306517889192,490.1000061035156,489.75693609924315,57.941437721980975,0.03,Monthly rebalance
2026-03-02,VNQ,sell,0.04472393174853995,95.19999694824219,95.13335695037841,4.254737763258213,0.0,Monthly rebalance
2026-03-02,SPY,buy,0.05097799,678.7000122070312,679.1751022155761,34.62298156899462,0.0,Monthly rebalance
2026-03-02,EFA,buy,0.12690231,102.76000213623047,102.83193413772582,13.049609983845265,0.0,Monthly rebalance
2026-03-02,IEF,buy,0.14873124,97.37999725341797,97.44816325149536,14.493586156117335,0.0,Monthly rebalance
2026-04-01,SPY,sell,0.9924141346709415,653.9000244140625,653.4422943969727,648.4853691513663,0.04,Monthly rebalance
2026-04-01,EFA,sell,0.07402678178001132,98.5199966430664,98.45103264541626,7.288013109659,0.0,Monthly rebalance
2026-04-01,IEF,sell,0.2009837231196574,95.08000183105469,95.01344582977295,19.096156089295654,0.0,Monthly rebalance
2026-04-01,VNQ,sell,7.09868988704009,88.69999694824219,88.63790695037841,629.2130136770517,0.009999999999999998,Monthly rebalance
2026-04-01,GLD,buy,0.09192855,435.0,435.30449999999996,40.01691149347499,0.0,Monthly rebalance
2026-05-01,EFA,sell,0.23352673408991276,102.29000091552734,102.21839791488647,23.870728628966585,0.03,Monthly rebalance
2026-05-01,SPY,buy,0.88584652,721.25,721.754875,639.3640443117849,0.0,Monthly rebalance
2026-05-01,IEF,buy,0.03392702,94.69000244140625,94.75628544311523,3.2147983913542797,0.0,Monthly rebalance
2026-05-01,GLD,buy,0.04873247,421.4100036621094,421.70499066467283,20.550725806416448,0.0,Monthly rebalance
2026-05-01,VNQ,buy,6.61404571,96.5999984741211,96.66761847305297,639.3640472576127,0.0,Monthly rebalance
2026-06-01,SPY,sell,0.035520590579511846,755.3599853515625,754.8312333618164,26.812051196873046,0.03,Monthly rebalance
2026-06-01,EFA,sell,0.08408278978447381,103.98999786376953,103.91720486526489,8.737648491676167,0.0,Monthly rebalance
2026-06-01,IEF,sell,6.763072763178917,93.91000366210938,93.8442666595459,634.6756038256741,0.01,Monthly rebalance
2026-06-01,GLD,buy,0.04757227,409.8599853515625,410.14688734130857,19.511618464260312,0.0,Monthly rebalance
2026-06-01,VNQ,buy,0.13779072,95.12999725341797,95.19658825149536,13.117206436717087,0.0,Monthly rebalance
2026-07-01,EFA,sell,0.039389841270438986,103.06999969482422,102.99785069503784,4.0570689900739145,0.03,Monthly rebalance
2026-07-01,GLD,sell,1.5671258571631135,371.2099914550781,370.95014446105955,581.3255631033187,0.01,Monthly rebalance
2026-07-01,VNQ,sell,0.19817031361995863,96.5199966430664,96.45243264541625,19.114008826750073,0.0,Monthly rebalance
2026-08-03,EFA,sell,0.08593179380826133,105.72000122070312,105.64599721984862,9.07835004976418,0.03,Monthly rebalance
2026-08-03,VNQ,sell,0.09231208618374431,99.01000213623047,98.94069513473511,9.133421976357239,0.0,Monthly rebalance
2026-08-03,SPY,buy,0.00329634,749.4400024414062,749.9646104431151,2.472138343988058,0.0,Monthly rebalance
2026-09-01,SPY,sell,0.013318119244202675,762.010009765625,761.476602758789,10.141436197211904,0.03,Monthly rebalance
2026-09-01,EFA,sell,0.06919055698961696,107.04000091552734,106.96507291488648,7.400972973415986,0.0,Monthly rebalance
2026-09-01,VNQ,buy,0.16927841,96.56999969482422,96.63759869461059,16.358659053241755,0.0,Monthly rebalance
2026-09-11,SPY,sell,0.8403041501762855,764.2899780273438,763.7549750427246,641.7864752461868,0.04,Terminal liquidation
2026-09-11,EFA,sell,5.982064351692666,106.69999694824219,106.62530695037842,637.839447696147,0.009999999999999998,Terminal liquidation
2026-09-11,VNQ,sell,6.6306324401962975,94.80000305175781,94.73364304962158,628.1439667827973,0.010000000000000002,Terminal liquidation
